----------------------------
---- DATABASE CREATION -----
----------------------------

-- Create database
DROP DATABASE IF EXISTS membership_db;
CREATE DATABASE membership_db;
USE membership_db;

----------------------------
----- TABLE CREATION -------
----------------------------

-- Drop tables if they exist
DROP TABLE IF EXISTS contributions;
DROP TABLE IF EXISTS entry_fees;
DROP TABLE IF EXISTS dependents;
DROP TABLE IF EXISTS members;
DROP TABLE IF EXISTS locations;

-- Locations table
CREATE TABLE locations (
location_id INT PRIMARY KEY,
name VARCHAR(50) NOT NULL
);

-- Members table
CREATE TABLE members (
member_id INT PRIMARY KEY,
first_name VARCHAR(50) NOT NULL,
last_name VARCHAR(50) NOT NULL,
phone VARCHAR(20),
email VARCHAR(100),
location_id INT,
FOREIGN KEY (location_id) REFERENCES locations(location_id)
);

-- Dependents table
CREATE TABLE dependents (
dependent_id INT AUTO_INCREMENT PRIMARY KEY,
member_id INT,
first_name VARCHAR(50) NOT NULL,
last_name VARCHAR(50) NOT NULL,
relationship VARCHAR(50) NOT NULL,
FOREIGN KEY (member_id) REFERENCES members(member_id)
);

-- Entry Fees table
CREATE TABLE entry_fees (
fee_id INT AUTO_INCREMENT PRIMARY KEY,
member_id INT UNIQUE,
amount DECIMAL(10,2) NOT NULL,
payment_date DATE NOT NULL,
FOREIGN KEY (member_id) REFERENCES members(member_id)
);

-- Contributions table
CREATE TABLE contributions (
contribution_id INT AUTO_INCREMENT PRIMARY KEY,
member_id INT,
year INT NOT NULL,
month VARCHAR(20) NOT NULL,
amount DECIMAL(10,2) NOT NULL,
FOREIGN KEY (member_id) REFERENCES members(member_id)
);

----------------------------
----- DATA INSERTION -------
----------------------------

-- Insert into location
INSERT INTO locations (location_id, name)
VALUES
(1, 'Ilala'),
(2, 'Kinondoni'),
(3, 'Temeke'),
(4, 'Ubungo'),
(5, 'Kigamboni');

-- Insert into members table
INSERT INTO members (member_id, first_name, last_name, phone, email, location_id)
VALUES
(1, 'Majda', 'Gati', '0745443360', 'majdagati43@gmail.com', 1),
(2, 'Hassan', 'Shayo', '0752655887', 'hassanshayo33@gmail.com', 3),
(3, 'Aisha', 'Kiamba', '0767844975', 'aishakiamba39@gmail.com', 2),
(4, 'Jesca', 'Shayo', '0723291801', 'jescashayo92@gmail.com', 2),
(5, 'Majda', 'Mjema', '0768934370', 'majdamjema71@gmail.com', 2),
(6, 'Hassan', 'Msuya', '0717238289', 'hassanmsuya49@gmail.com', 2),
(7, 'Juma', 'Kiamba', '0787984274', 'jumakiamba67@gmail.com', 5),
(8, 'Fatma', 'Nyerere', '0740479504', 'fatmanyerere65@gmail.com', 1),
(9, 'Zuberi', 'Mgaya', '0757652389', 'zuberimgaya66@gmail.com', 2),
(10, 'Brian', 'Mrema', '0747362741', 'brianmrema50@gmail.com', 1),
(11, 'Juma', 'Kileo', '0748461851', 'jumakileo15@gmail.com', 5),
(12, 'Catherine', 'Sheshui', '0796230038', 'catherinesheshui41@gmail.com', 1),
(13, 'Majda', 'Mlay', '0727945002', 'majdamlay81@gmail.com', 4),
(14, 'Hassan', 'Mrema', '0743673311', 'hassanmrema17@gmail.com', 5),
(15, 'Amani', 'Kibabu', '0782433751', 'amanikibabu49@gmail.com', 3),
(16, 'Richard', 'Chalange', '0792756651', 'richardchalange89@gmail.com', 5),
(17, 'Baraka', 'Shayo', '0778637741', 'barakashayo80@gmail.com', 3),
(18, 'Neema', 'Mgeni', '0755970217', 'neemamgeni68@gmail.com', 3),
(19, 'Amani', 'Kibabu', '0711300118', 'amanikibabu14@gmail.com', 3),
(20, 'Richard', 'Kibabu', '0770433134', 'richardkibabu8@gmail.com', 1),
(21, 'Richard', 'Nyerere', '0712778553', 'richardnyerere90@gmail.com', 4),
(22, 'Aisha', 'Kahiga', '0762076405', 'aishakahiga20@gmail.com', 1),
(23, 'Richard', 'Shayo', '0742238878', 'richardshayo9@gmail.com', 3),
(24, 'Lucy', 'Lubasha', '0714643160', 'lucylubasha44@gmail.com', 3),
(25, 'Ally', 'Msuya', '0797767411', 'allymsuya46@gmail.com', 4),
(26, 'Catherine', 'Chacha', '0756706276', 'catherinechacha71@gmail.com', 2),
(27, 'Juma', 'Kiamba', '0787061418', 'jumakiamba99@gmail.com', 4),
(28, 'Baraka', 'Shayo', '0731292847', 'barakashayo22@gmail.com', 3),
(29, 'Grace', 'Kahiga', '0750503023', 'gracekahiga52@gmail.com', 3),
(30, 'Jesca', 'Chacha', '0725064768', 'jescachacha6@gmail.com', 1),
(31, 'Lucy', 'Kiamba', '0792021547', 'lucykiamba35@gmail.com', 3),
(32, 'Juma', 'Mrema', '0716183310', 'jumamrema37@gmail.com', 5),
(33, 'Juma', 'Siafu', '0722008778', 'jumasiafu67@gmail.com', 1),
(34, 'Catherine', 'Mosha', '0761096169', 'catherinemosha77@gmail.com', 5),
(35, 'Catherine', 'Mjema', '0739444646', 'catherinemjema40@gmail.com', 5),
(36, 'Baraka', 'Siafu', '0733628117', 'barakasiafu14@gmail.com', 1),
(37, 'Fatma', 'Msuya', '0765977245', 'fatmamsuya99@gmail.com', 5),
(38, 'Lucy', 'Kibabu', '0714497511', 'lucykibabu35@gmail.com', 1),
(39, 'Fatma', 'Kisingi', '0729145342', 'fatmakisingi9@gmail.com', 3),
(40, 'Amani', 'Mjema', '0738001019', 'amanimjema86@gmail.com', 1),
(41, 'Aisha', 'Mjema', '0784149003', 'aishamjema13@gmail.com', 1),
(42, 'Richard', 'Shayo', '0781629173', 'richardshayo39@gmail.com', 4),
(43, 'Mwantumu', 'Mosha', '0724243777', 'mwantumumosha23@gmail.com', 4),
(44, 'Vincent', 'Kisingi', '0796260044', 'vincentkisingi83@gmail.com', 5),
(45, 'Hassan', 'Sheshui', '0747530357', 'hassansheshui34@gmail.com', 1),
(46, 'Neema', 'Mosha', '0770358083', 'neemamosha74@gmail.com', 2),
(47, 'Majda', 'Sheshui', '0729494386', 'majdasheshui75@gmail.com', 3),
(48, 'Vincent', 'Kisingi', '0791073022', 'vincentkisingi36@gmail.com', 5),
(49, 'Juma', 'Msumba', '0785845245', 'jumamsumba97@gmail.com', 5),
(50, 'Ally', 'Gati', '0721033189', 'allygati81@gmail.com', 1),
(51, 'Brian', 'Kileo', '0746552489', 'briankileo35@gmail.com', 2),
(52, 'Amani', 'Kiamba', '0744513505', 'amanikiamba46@gmail.com', 2),
(53, 'Loveness', 'Msumba', '0729936661', 'lovenessmsumba56@gmail.com', 4),
(54, 'Mwantumu', 'Kahiga', '0747357659', 'mwantumukahiga57@gmail.com', 1),
(55, 'Vincent', 'Siafu', '0790556749', 'vincentsiafu65@gmail.com', 4),
(56, 'Amani', 'Sheshui', '0785984225', 'amanisheshui75@gmail.com', 5),
(57, 'Catherine', 'Msumba', '0798005746', 'catherinemsumba62@gmail.com', 1),
(58, 'Mwantumu', 'Gati', '0749035284', 'mwantumugati17@gmail.com', 4),
(59, 'Peter', 'Nyerere', '0783693005', 'peternyerere75@gmail.com', 4),
(60, 'Amani', 'Mrema', '0771631739', 'amanimrema58@gmail.com', 5),
(61, 'Richard', 'Lubasha', '0723402763', 'richardlubasha88@gmail.com', 1),
(62, 'Amani', 'Kahiga', '0712227620', 'amanikahiga77@gmail.com', 2),
(63, 'Hassan', 'Chacha', '0768338387', 'hassanchacha68@gmail.com', 5),
(64, 'Vincent', 'Kahiga', '0741910881', 'vincentkahiga32@gmail.com', 4),
(65, 'Juma', 'Sheshui', '0726469339', 'jumasheshui88@gmail.com', 3),
(66, 'Jesca', 'Kibabu', '0722648391', 'jescakibabu12@gmail.com', 1),
(67, 'Mwantumu', 'Chalange', '0769482787', 'mwantumuchalange80@gmail.com', 2),
(68, 'Aisha', 'Nyerere', '0763496185', 'aishanyerere65@gmail.com', 2),
(69, 'Brian', 'Sheshui', '0720616089', 'briansheshui64@gmail.com', 5),
(70, 'Juma', 'Msuya', '0777708642', 'jumamsuya90@gmail.com', 2),
(71, 'Aisha', 'Mgaya', '0746804506', 'aishamgaya62@gmail.com', 4),
(72, 'Loveness', 'Kahiga', '0777745890', 'lovenesskahiga32@gmail.com', 5),
(73, 'Mwantumu', 'Chacha', '0780428674', 'mwantumuchacha37@gmail.com', 1),
(74, 'Lucy', 'Lubasha', '0739804313', 'lucylubasha32@gmail.com', 3),
(75, 'Ally', 'Nyerere', '0778311370', 'allynyerere77@gmail.com', 1),
(76, 'Grace', 'Chalange', '0770860044', 'gracechalange64@gmail.com', 1),
(77, 'Vincent', 'Mosha', '0761096022', 'vincentmosha79@gmail.com', 2),
(78, 'Lucy', 'Mgaya', '0796635564', 'lucymgaya77@gmail.com', 4),
(79, 'Fatma', 'Mgeni', '0784908164', 'fatmamgeni57@gmail.com', 4),
(80, 'Majda', 'Mjema', '0770491172', 'majdamjema60@gmail.com', 4),
(81, 'Hassan', 'Siafu', '0732815279', 'hassansiafu27@gmail.com', 1),
(82, 'Brian', 'Lubasha', '0763188842', 'brianlubasha46@gmail.com', 4),
(83, 'Ally', 'Mrema', '0794989491', 'allymrema75@gmail.com', 4),
(84, 'Amani', 'Nyerere', '0772250732', 'amaninyerere99@gmail.com', 4),
(85, 'Zuberi', 'Kiamba', '0746550677', 'zuberikiamba18@gmail.com', 2),
(86, 'Jesca', 'Mjema', '0719542702', 'jescamjema48@gmail.com', 2),
(87, 'Ally', 'Chalange', '0726284762', 'allychalange29@gmail.com', 2),
(88, 'Jesca', 'Msuya', '0721146502', 'jescamsuya63@gmail.com', 1),
(89, 'Majda', 'Siafu', '0786825260', 'majdasiafu75@gmail.com', 3),
(90, 'Vincent', 'Msumba', '0728835430', 'vincentmsumba11@gmail.com', 4),
(91, 'Fatma', 'Sheshui', '0720282953', 'fatmasheshui70@gmail.com', 2),
(92, 'Neema', 'Sheshui', '0723012282', 'neemasheshui34@gmail.com', 4),
(93, 'Peter', 'Mrema', '0745538398', 'petermrema6@gmail.com', 4),
(94, 'Loveness', 'Mosha', '0734255490', 'lovenessmosha10@gmail.com', 3),
(95, 'Jesca', 'Mgaya', '0713375258', 'jescamgaya37@gmail.com', 5),
(96, 'Peter', 'Shayo', '0743112527', 'petershayo19@gmail.com', 5),
(97, 'Zuberi', 'Msuya', '0728649310', 'zuberimsuya56@gmail.com', 4),
(98, 'Richard', 'Kibabu', '0782536211', 'richardkibabu71@gmail.com', 2),
(99, 'Brian', 'Mjema', '0757989200', 'brianmjema7@gmail.com', 4),
(100, 'Catherine', 'Sheshui', '0793003405', 'catherinesheshui45@gmail.com', 1);

-- Insert into dependents table
INSERT INTO dependents (member_id, first_name, last_name, relationship)
VALUES
(1, 'Fatma', 'Gati', 'Child'),
(2, 'Asha', 'Shayo', 'Parent'),
(3, 'Zuberi', 'Kiamba', 'Parent'),
(4, 'Neema', 'Shayo', 'Spouse'),
(5, 'Asha', 'Mjema', 'Spouse'),
(6, 'Zuberi', 'Msuya', 'Child'),
(7, 'Baraka', 'Kiamba', 'Spouse'),
(8, 'Grace', 'Nyerere', 'Spouse'),
(9, 'Peter', 'Mgaya', 'Spouse'),
(10, 'Juma', 'Mrema', 'Parent'),
(11, 'Juma', 'Kileo', 'Spouse'),
(12, 'Juma', 'Sheshui', 'Child'),
(13, 'Baraka', 'Mlay', 'Parent'),
(14, 'Neema', 'Mrema', 'Child'),
(15, 'Hassan', 'Kibabu', 'Spouse'),
(16, 'Hassan', 'Chalange', 'Parent'),
(17, 'Asha', 'Shayo', 'Spouse'),
(18, 'Neema', 'Mgeni', 'Spouse'),
(19, 'Juma', 'Kibabu', 'Child'),
(20, 'Zuberi', 'Kibabu', 'Child'),
(21, 'Baraka', 'Nyerere', 'Child'),
(22, 'Hassan', 'Kahiga', 'Spouse'),
(23, 'Zuberi', 'Shayo', 'Spouse'),
(24, 'Peter', 'Lubasha', 'Spouse'),
(25, 'Neema', 'Msuya', 'Spouse'),
(26, 'Juma', 'Chacha', 'Child'),
(27, 'Grace', 'Kiamba', 'Parent'),
(28, 'Grace', 'Shayo', 'Child'),
(29, 'Asha', 'Kahiga', 'Parent'),
(30, 'Lucy', 'Chacha', 'Parent'),
(31, 'Asha', 'Kiamba', 'Child'),
(32, 'Lucy', 'Mrema', 'Child'),
(33, 'Juma', 'Siafu', 'Child'),
(34, 'Lucy', 'Mosha', 'Parent'),
(35, 'Zuberi', 'Mjema', 'Parent'),
(36, 'Neema', 'Siafu', 'Spouse'),
(37, 'Asha', 'Msuya', 'Parent'),
(38, 'Juma', 'Kibabu', 'Child'),
(39, 'Peter', 'Kisingi', 'Parent'),
(40, 'Hassan', 'Mjema', 'Parent'),
(41, 'Lucy', 'Mjema', 'Parent'),
(42, 'Lucy', 'Shayo', 'Parent'),
(43, 'Baraka', 'Mosha', 'Child'),
(44, 'Hassan', 'Kisingi', 'Spouse'),
(45, 'Fatma', 'Sheshui', 'Spouse'),
(46, 'Hassan', 'Mosha', 'Spouse'),
(47, 'Asha', 'Sheshui', 'Spouse'),
(48, 'Juma', 'Kisingi', 'Child'),
(49, 'Asha', 'Msumba', 'Spouse'),
(50, 'Zuberi', 'Gati', 'Spouse'),
(51, 'Peter', 'Kileo', 'Spouse'),
(52, 'Hassan', 'Kiamba', 'Child'),
(53, 'Baraka', 'Msumba', 'Spouse'),
(54, 'Hassan', 'Kahiga', 'Child'),
(55, 'Baraka', 'Siafu', 'Spouse'),
(56, 'Fatma', 'Sheshui', 'Child'),
(57, 'Grace', 'Msumba', 'Spouse'),
(58, 'Juma', 'Gati', 'Spouse'),
(59, 'Zuberi', 'Nyerere', 'Child'),
(60, 'Baraka', 'Mrema', 'Child'),
(61, 'Juma', 'Lubasha', 'Parent'),
(62, 'Peter', 'Kahiga', 'Child'),
(63, 'Baraka', 'Chacha', 'Parent'),
(64, 'Zuberi', 'Kahiga', 'Parent'),
(65, 'Lucy', 'Sheshui', 'Child'),
(66, 'Neema', 'Kibabu', 'Child'),
(67, 'Fatma', 'Chalange', 'Spouse'),
(68, 'Fatma', 'Nyerere', 'Child'),
(69, 'Peter', 'Sheshui', 'Parent'),
(70, 'Peter', 'Msuya', 'Spouse'),
(71, 'Peter', 'Mgaya', 'Spouse'),
(72, 'Asha', 'Kahiga', 'Child'),
(73, 'Neema', 'Chacha', 'Parent'),
(74, 'Fatma', 'Lubasha', 'Child'),
(75, 'Juma', 'Nyerere', 'Parent'),
(76, 'Zuberi', 'Chalange', 'Spouse'),
(77, 'Lucy', 'Mosha', 'Spouse'),
(78, 'Asha', 'Mgaya', 'Child'),
(79, 'Lucy', 'Mgeni', 'Parent'),
(80, 'Neema', 'Mjema', 'Parent'),
(81, 'Grace', 'Siafu', 'Spouse'),
(82, 'Juma', 'Lubasha', 'Parent'),
(83, 'Hassan', 'Mrema', 'Spouse'),
(84, 'Peter', 'Nyerere', 'Child'),
(85, 'Peter', 'Kiamba', 'Parent'),
(86, 'Hassan', 'Mjema', 'Child'),
(87, 'Asha', 'Chalange', 'Spouse'),
(88, 'Lucy', 'Msuya', 'Spouse'),
(89, 'Fatma', 'Siafu', 'Spouse'),
(90, 'Peter', 'Msumba', 'Child'),
(91, 'Lucy', 'Sheshui', 'Child'),
(92, 'Grace', 'Sheshui', 'Child'),
(93, 'Neema', 'Mrema', 'Spouse'),
(94, 'Asha', 'Mosha', 'Child'),
(95, 'Hassan', 'Mgaya', 'Child'),
(96, 'Fatma', 'Shayo', 'Parent'),
(97, 'Hassan', 'Msuya', 'Parent'),
(98, 'Lucy', 'Kibabu', 'Parent'),
(99, 'Zuberi', 'Mjema', 'Spouse'),
(100, 'Juma', 'Sheshui', 'Parent');

-- Insert into entry_fees table
INSERT INTO entry_fees (member_id, amount, payment_date)
VALUES
(1, 10000, '2023-10-01'),
(2, 10000, '2023-10-02'),
(3, 10000, '2023-10-03'),
(4, 10000, '2023-10-04'),
(5, 10000, '2023-10-05'),
(6, 10000, '2023-10-06'),
(7, 10000, '2023-10-07'),
(8, 10000, '2023-10-08'),
(9, 10000, '2023-10-09'),
(10, 10000, '2023-10-10'),
(11, 10000, '2023-10-11'),
(12, 10000, '2023-10-12'),
(13, 10000, '2023-10-13'),
(14, 10000, '2023-10-14'),
(15, 10000, '2023-10-15'),
(16, 10000, '2023-10-16'),
(17, 10000, '2023-10-17'),
(18, 10000, '2023-10-18'),
(19, 10000, '2023-10-19'),
(20, 10000, '2023-10-20'),
(21, 10000, '2023-10-21'),
(22, 10000, '2023-10-22'),
(23, 10000, '2023-10-23'),
(24, 10000, '2023-10-24'),
(25, 10000, '2023-10-25'),
(26, 10000, '2023-10-26'),
(27, 10000, '2023-10-27'),
(28, 10000, '2023-10-28'),
(29, 10000, '2023-10-29'),
(30, 10000, '2023-10-30'),
(31, 10000, '2023-10-01'),
(32, 10000, '2023-10-02'),
(33, 10000, '2023-10-03'),
(34, 10000, '2023-10-04'),
(35, 10000, '2023-10-05'),
(36, 10000, '2023-10-06'),
(37, 10000, '2023-10-07'),
(38, 10000, '2023-10-08'),
(39, 10000, '2023-10-09'),
(40, 10000, '2023-10-10'),
(41, 10000, '2023-10-11'),
(42, 10000, '2023-10-12'),
(43, 10000, '2023-10-13'),
(44, 10000, '2023-10-14'),
(45, 10000, '2023-10-15'),
(46, 10000, '2023-10-16'),
(47, 10000, '2023-10-17'),
(48, 10000, '2023-10-18'),
(49, 10000, '2023-10-19'),
(50, 10000, '2023-10-20'),
(51, 10000, '2023-10-21'),
(52, 10000, '2023-10-22'),
(53, 10000, '2023-10-23'),
(54, 10000, '2023-10-24'),
(55, 10000, '2023-10-25'),
(56, 10000, '2023-10-26'),
(57, 10000, '2023-10-27'),
(58, 10000, '2023-10-28'),
(59, 10000, '2023-10-29'),
(60, 10000, '2023-10-30'),
(61, 10000, '2023-10-01'),
(62, 10000, '2023-10-02'),
(63, 10000, '2023-10-03'),
(64, 10000, '2023-10-04'),
(65, 10000, '2023-10-05'),
(66, 10000, '2023-10-06'),
(67, 10000, '2023-10-07'),
(68, 10000, '2023-10-08'),
(69, 10000, '2023-10-09'),
(70, 10000, '2023-10-10'),
(71, 10000, '2023-10-11'),
(72, 10000, '2023-10-12'),
(73, 10000, '2023-10-13'),
(74, 10000, '2023-10-14'),
(75, 10000, '2023-10-15'),
(76, 10000, '2023-10-16'),
(77, 10000, '2023-10-17'),
(78, 10000, '2023-10-18'),
(79, 10000, '2023-10-19'),
(80, 10000, '2023-10-20'),
(81, 10000, '2023-10-21'),
(82, 10000, '2023-10-22'),
(83, 10000, '2023-10-23'),
(84, 10000, '2023-10-24'),
(85, 10000, '2023-10-25'),
(86, 10000, '2023-10-26'),
(87, 10000, '2023-10-27'),
(88, 10000, '2023-10-28'),
(89, 10000, '2023-10-29'),
(90, 10000, '2023-10-30'),
(91, 10000, '2023-10-01'),
(92, 10000, '2023-10-02'),
(93, 10000, '2023-10-03'),
(94, 10000, '2023-10-04'),
(95, 10000, '2023-10-05'),
(96, 10000, '2023-10-06'),
(97, 10000, '2023-10-07'),
(98, 10000, '2023-10-08'),
(99, 10000, '2023-10-09'),
(100, 10000, '2023-10-10');

-- Inserting into contributions table
INSERT INTO contributions (member_id, year, month, amount)
VALUES
(1, 2023, 'October', 3000),
(1, 2023, 'November', 3000),
(1, 2023, 'December', 3000),
(1, 2024, 'January', 5000),
(1, 2024, 'February', 5000),
(1, 2024, 'March', 5000),
(1, 2024, 'April', 5000),
(1, 2024, 'May', 5000),
(1, 2024, 'June', 5000),
(1, 2024, 'July', 5000),
(1, 2024, 'August', 5000),
(1, 2024, 'September', 5000),
(1, 2024, 'October', 5000),
(1, 2024, 'November', 5000),
(1, 2024, 'December', 5000),
(1, 2025, 'January', 10000),
(1, 2025, 'February', 10000),
(1, 2025, 'March', 10000),
(1, 2025, 'April', 10000),
(1, 2025, 'May', 10000),
(1, 2025, 'June', 10000),
(1, 2025, 'July', 10000),
(1, 2025, 'August', 10000),
(1, 2025, 'September', 10000),
(2, 2023, 'October', 3000),
(2, 2023, 'November', 3000),
(2, 2023, 'December', 3000),
(2, 2024, 'January', 5000),
(2, 2024, 'February', 5000),
(2, 2024, 'March', 5000),
(2, 2024, 'April', 5000),
(2, 2024, 'May', 5000),
(2, 2024, 'June', 5000),
(2, 2024, 'July', 5000),
(2, 2024, 'August', 5000),
(2, 2024, 'September', 5000),
(2, 2024, 'October', 5000),
(2, 2024, 'November', 5000),
(2, 2024, 'December', 5000),
(2, 2025, 'January', 10000),
(2, 2025, 'February', 10000),
(2, 2025, 'March', 10000),
(2, 2025, 'April', 10000),
(2, 2025, 'May', 10000),
(2, 2025, 'June', 10000),
(2, 2025, 'July', 10000),
(2, 2025, 'August', 10000),
(2, 2025, 'September', 10000),
(3, 2023, 'October', 3000),
(3, 2023, 'November', 3000),
(3, 2023, 'December', 3000),
(3, 2024, 'January', 5000),
(3, 2024, 'February', 5000),
(3, 2024, 'March', 5000),
(3, 2024, 'April', 5000),
(3, 2024, 'May', 5000),
(3, 2024, 'June', 5000),
(3, 2024, 'July', 5000),
(3, 2024, 'August', 5000),
(3, 2024, 'September', 5000),
(3, 2024, 'October', 5000),
(3, 2024, 'November', 5000),
(3, 2024, 'December', 5000),
(3, 2025, 'January', 10000),
(3, 2025, 'February', 10000),
(3, 2025, 'March', 10000),
(3, 2025, 'April', 10000),
(3, 2025, 'May', 10000),
(3, 2025, 'June', 10000),
(3, 2025, 'July', 10000),
(3, 2025, 'August', 10000),
(3, 2025, 'September', 10000),
(4, 2023, 'October', 3000),
(4, 2023, 'November', 3000),
(4, 2023, 'December', 3000),
(4, 2024, 'January', 5000),
(4, 2024, 'February', 5000),
(4, 2024, 'March', 5000),
(4, 2024, 'April', 5000),
(4, 2024, 'May', 5000),
(4, 2024, 'June', 5000),
(4, 2024, 'July', 5000),
(4, 2024, 'August', 5000),
(4, 2024, 'September', 5000),
(4, 2024, 'October', 5000),
(4, 2024, 'November', 5000),
(4, 2024, 'December', 5000),
(4, 2025, 'January', 10000),
(4, 2025, 'February', 10000),
(4, 2025, 'March', 10000),
(4, 2025, 'April', 10000),
(4, 2025, 'May', 10000),
(4, 2025, 'June', 10000),
(4, 2025, 'July', 10000),
(4, 2025, 'August', 10000),
(4, 2025, 'September', 10000),
(5, 2023, 'October', 3000),
(5, 2023, 'November', 3000),
(5, 2023, 'December', 3000),
(5, 2024, 'January', 5000),
(5, 2024, 'February', 5000),
(5, 2024, 'March', 5000),
(5, 2024, 'April', 5000),
(5, 2024, 'May', 5000),
(5, 2024, 'June', 5000),
(5, 2024, 'July', 5000),
(5, 2024, 'August', 5000),
(5, 2024, 'September', 5000),
(5, 2024, 'October', 5000),
(5, 2024, 'November', 5000),
(5, 2024, 'December', 5000),
(5, 2025, 'January', 10000),
(5, 2025, 'February', 10000),
(5, 2025, 'March', 10000),
(5, 2025, 'April', 10000),
(5, 2025, 'May', 10000),
(5, 2025, 'June', 10000),
(5, 2025, 'July', 10000),
(5, 2025, 'August', 10000),
(5, 2025, 'September', 10000),
(6, 2023, 'October', 3000),
(6, 2023, 'November', 3000),
(6, 2023, 'December', 3000),
(6, 2024, 'January', 5000),
(6, 2024, 'February', 5000),
(6, 2024, 'March', 5000),
(6, 2024, 'April', 5000),
(6, 2024, 'May', 5000),
(6, 2024, 'June', 5000),
(6, 2024, 'July', 5000),
(6, 2024, 'August', 5000),
(6, 2024, 'September', 5000),
(6, 2024, 'October', 5000),
(6, 2024, 'November', 5000),
(6, 2024, 'December', 5000),
(6, 2025, 'January', 10000),
(6, 2025, 'February', 10000),
(6, 2025, 'March', 10000),
(6, 2025, 'April', 10000),
(6, 2025, 'May', 10000),
(6, 2025, 'June', 10000),
(6, 2025, 'July', 10000),
(6, 2025, 'August', 10000),
(6, 2025, 'September', 10000),
(7, 2023, 'October', 3000),
(7, 2023, 'November', 3000),
(7, 2023, 'December', 3000),
(7, 2024, 'January', 5000),
(7, 2024, 'February', 5000),
(7, 2024, 'March', 5000),
(7, 2024, 'April', 5000),
(7, 2024, 'May', 5000),
(7, 2024, 'June', 5000),
(7, 2024, 'July', 5000),
(7, 2024, 'August', 5000),
(7, 2024, 'September', 5000),
(7, 2024, 'October', 5000),
(7, 2024, 'November', 5000),
(7, 2024, 'December', 5000),
(7, 2025, 'January', 10000),
(7, 2025, 'February', 10000),
(7, 2025, 'March', 10000),
(7, 2025, 'April', 10000),
(7, 2025, 'May', 10000),
(7, 2025, 'June', 10000),
(7, 2025, 'July', 10000),
(7, 2025, 'August', 10000),
(7, 2025, 'September', 10000),
(8, 2023, 'October', 3000),
(8, 2023, 'November', 3000),
(8, 2023, 'December', 3000),
(8, 2024, 'January', 5000),
(8, 2024, 'February', 5000),
(8, 2024, 'March', 5000),
(8, 2024, 'April', 5000),
(8, 2024, 'May', 5000),
(8, 2024, 'June', 5000),
(8, 2024, 'July', 5000),
(8, 2024, 'August', 5000),
(8, 2024, 'September', 5000),
(8, 2024, 'October', 5000),
(8, 2024, 'November', 5000),
(8, 2024, 'December', 5000),
(8, 2025, 'January', 10000),
(8, 2025, 'February', 10000),
(8, 2025, 'March', 10000),
(8, 2025, 'April', 10000),
(8, 2025, 'May', 10000),
(8, 2025, 'June', 10000),
(8, 2025, 'July', 10000),
(8, 2025, 'August', 10000),
(8, 2025, 'September', 10000),
(9, 2023, 'October', 3000),
(9, 2023, 'November', 3000),
(9, 2023, 'December', 3000),
(9, 2024, 'January', 5000),
(9, 2024, 'February', 5000),
(9, 2024, 'March', 5000),
(9, 2024, 'April', 5000),
(9, 2024, 'May', 5000),
(9, 2024, 'June', 5000),
(9, 2024, 'July', 5000),
(9, 2024, 'August', 5000),
(9, 2024, 'September', 5000),
(9, 2024, 'October', 5000),
(9, 2024, 'November', 5000),
(9, 2024, 'December', 5000),
(9, 2025, 'January', 10000),
(9, 2025, 'February', 10000),
(9, 2025, 'March', 10000),
(9, 2025, 'April', 10000),
(9, 2025, 'May', 10000),
(9, 2025, 'June', 10000),
(9, 2025, 'July', 10000),
(9, 2025, 'August', 10000),
(9, 2025, 'September', 10000),
(10, 2023, 'October', 3000),
(10, 2023, 'November', 3000),
(10, 2023, 'December', 3000),
(10, 2024, 'January', 5000),
(10, 2024, 'February', 5000),
(10, 2024, 'March', 5000),
(10, 2024, 'April', 5000),
(10, 2024, 'May', 5000),
(10, 2024, 'June', 5000),
(10, 2024, 'July', 5000),
(10, 2024, 'August', 5000),
(10, 2024, 'September', 5000),
(10, 2024, 'October', 5000),
(10, 2024, 'November', 5000),
(10, 2024, 'December', 5000),
(10, 2025, 'January', 10000),
(10, 2025, 'February', 10000),
(10, 2025, 'March', 10000),
(10, 2025, 'April', 10000),
(10, 2025, 'May', 10000),
(10, 2025, 'June', 10000),
(10, 2025, 'July', 10000),
(10, 2025, 'August', 10000),
(10, 2025, 'September', 10000),
(11, 2023, 'October', 3000),
(11, 2023, 'November', 3000),
(11, 2023, 'December', 3000),
(11, 2024, 'January', 5000),
(11, 2024, 'February', 5000),
(11, 2024, 'March', 5000),
(11, 2024, 'April', 5000),
(11, 2024, 'May', 5000),
(11, 2024, 'June', 5000),
(11, 2024, 'July', 5000),
(11, 2024, 'August', 5000),
(11, 2024, 'September', 5000),
(11, 2024, 'October', 5000),
(11, 2024, 'November', 5000),
(11, 2024, 'December', 5000),
(11, 2025, 'January', 10000),
(11, 2025, 'February', 10000),
(11, 2025, 'March', 10000),
(11, 2025, 'April', 10000),
(11, 2025, 'May', 10000),
(11, 2025, 'June', 10000),
(11, 2025, 'July', 10000),
(11, 2025, 'August', 10000),
(11, 2025, 'September', 10000),
(12, 2023, 'October', 3000),
(12, 2023, 'November', 3000),
(12, 2023, 'December', 3000),
(12, 2024, 'January', 5000),
(12, 2024, 'February', 5000),
(12, 2024, 'March', 5000),
(12, 2024, 'April', 5000),
(12, 2024, 'May', 5000),
(12, 2024, 'June', 5000),
(12, 2024, 'July', 5000),
(12, 2024, 'August', 5000),
(12, 2024, 'September', 5000),
(12, 2024, 'October', 5000),
(12, 2024, 'November', 5000),
(12, 2024, 'December', 5000),
(12, 2025, 'January', 10000),
(12, 2025, 'February', 10000),
(12, 2025, 'March', 10000),
(12, 2025, 'April', 10000),
(12, 2025, 'May', 10000),
(12, 2025, 'June', 10000),
(12, 2025, 'July', 10000),
(12, 2025, 'August', 10000),
(12, 2025, 'September', 10000),
(13, 2023, 'October', 3000),
(13, 2023, 'November', 3000),
(13, 2023, 'December', 3000),
(13, 2024, 'January', 5000),
(13, 2024, 'February', 5000),
(13, 2024, 'March', 5000),
(13, 2024, 'April', 5000),
(13, 2024, 'May', 5000),
(13, 2024, 'June', 5000),
(13, 2024, 'July', 5000),
(13, 2024, 'August', 5000),
(13, 2024, 'September', 5000),
(13, 2024, 'October', 5000),
(13, 2024, 'November', 5000),
(13, 2024, 'December', 5000),
(13, 2025, 'January', 10000),
(13, 2025, 'February', 10000),
(13, 2025, 'March', 10000),
(13, 2025, 'April', 10000),
(13, 2025, 'May', 10000),
(13, 2025, 'June', 10000),
(13, 2025, 'July', 10000),
(13, 2025, 'August', 10000),
(13, 2025, 'September', 10000),
(14, 2023, 'October', 3000),
(14, 2023, 'November', 3000),
(14, 2023, 'December', 3000),
(14, 2024, 'January', 5000),
(14, 2024, 'February', 5000),
(14, 2024, 'March', 5000),
(14, 2024, 'April', 5000),
(14, 2024, 'May', 5000),
(14, 2024, 'June', 5000),
(14, 2024, 'July', 5000),
(14, 2024, 'August', 5000),
(14, 2024, 'September', 5000),
(14, 2024, 'October', 5000),
(14, 2024, 'November', 5000),
(14, 2024, 'December', 5000),
(14, 2025, 'January', 10000),
(14, 2025, 'February', 10000),
(14, 2025, 'March', 10000),
(14, 2025, 'April', 10000),
(14, 2025, 'May', 10000),
(14, 2025, 'June', 10000),
(14, 2025, 'July', 10000),
(14, 2025, 'August', 10000),
(14, 2025, 'September', 10000),
(15, 2023, 'October', 3000),
(15, 2023, 'November', 3000),
(15, 2023, 'December', 3000),
(15, 2024, 'January', 5000),
(15, 2024, 'February', 5000),
(15, 2024, 'March', 5000),
(15, 2024, 'April', 5000),
(15, 2024, 'May', 5000),
(15, 2024, 'June', 5000),
(15, 2024, 'July', 5000),
(15, 2024, 'August', 5000),
(15, 2024, 'September', 5000),
(15, 2024, 'October', 5000),
(15, 2024, 'November', 5000),
(15, 2024, 'December', 5000),
(15, 2025, 'January', 10000),
(15, 2025, 'February', 10000),
(15, 2025, 'March', 10000),
(15, 2025, 'April', 10000),
(15, 2025, 'May', 10000),
(15, 2025, 'June', 10000),
(15, 2025, 'July', 10000),
(15, 2025, 'August', 10000),
(15, 2025, 'September', 10000),
(16, 2023, 'October', 3000),
(16, 2023, 'November', 3000),
(16, 2023, 'December', 3000),
(16, 2024, 'January', 5000),
(16, 2024, 'February', 5000),
(16, 2024, 'March', 5000),
(16, 2024, 'April', 5000),
(16, 2024, 'May', 5000),
(16, 2024, 'June', 5000),
(16, 2024, 'July', 5000),
(16, 2024, 'August', 5000),
(16, 2024, 'September', 5000),
(16, 2024, 'October', 5000),
(16, 2024, 'November', 5000),
(16, 2024, 'December', 5000),
(16, 2025, 'January', 10000),
(16, 2025, 'February', 10000),
(16, 2025, 'March', 10000),
(16, 2025, 'April', 10000),
(16, 2025, 'May', 10000),
(16, 2025, 'June', 10000),
(16, 2025, 'July', 10000),
(16, 2025, 'August', 10000),
(16, 2025, 'September', 10000),
(17, 2023, 'October', 3000),
(17, 2023, 'November', 3000),
(17, 2023, 'December', 3000),
(17, 2024, 'January', 5000),
(17, 2024, 'February', 5000),
(17, 2024, 'March', 5000),
(17, 2024, 'April', 5000),
(17, 2024, 'May', 5000),
(17, 2024, 'June', 5000),
(17, 2024, 'July', 5000),
(17, 2024, 'August', 5000),
(17, 2024, 'September', 5000),
(17, 2024, 'October', 5000),
(17, 2024, 'November', 5000),
(17, 2024, 'December', 5000),
(17, 2025, 'January', 10000),
(17, 2025, 'February', 10000),
(17, 2025, 'March', 10000),
(17, 2025, 'April', 10000),
(17, 2025, 'May', 10000),
(17, 2025, 'June', 10000),
(17, 2025, 'July', 10000),
(17, 2025, 'August', 10000),
(17, 2025, 'September', 10000),
(18, 2023, 'October', 3000),
(18, 2023, 'November', 3000),
(18, 2023, 'December', 3000),
(18, 2024, 'January', 5000),
(18, 2024, 'February', 5000),
(18, 2024, 'March', 5000),
(18, 2024, 'April', 5000),
(18, 2024, 'May', 5000),
(18, 2024, 'June', 5000),
(18, 2024, 'July', 5000),
(18, 2024, 'August', 5000),
(18, 2024, 'September', 5000),
(18, 2024, 'October', 5000),
(18, 2024, 'November', 5000),
(18, 2024, 'December', 5000),
(18, 2025, 'January', 10000),
(18, 2025, 'February', 10000),
(18, 2025, 'March', 10000),
(18, 2025, 'April', 10000),
(18, 2025, 'May', 10000),
(18, 2025, 'June', 10000),
(18, 2025, 'July', 10000),
(18, 2025, 'August', 10000),
(18, 2025, 'September', 10000),
(19, 2023, 'October', 3000),
(19, 2023, 'November', 3000),
(19, 2023, 'December', 3000),
(19, 2024, 'January', 5000),
(19, 2024, 'February', 5000),
(19, 2024, 'March', 5000),
(19, 2024, 'April', 5000),
(19, 2024, 'May', 5000),
(19, 2024, 'June', 5000),
(19, 2024, 'July', 5000),
(19, 2024, 'August', 5000),
(19, 2024, 'September', 5000),
(19, 2024, 'October', 5000),
(19, 2024, 'November', 5000),
(19, 2024, 'December', 5000),
(19, 2025, 'January', 10000),
(19, 2025, 'February', 10000),
(19, 2025, 'March', 10000),
(19, 2025, 'April', 10000),
(19, 2025, 'May', 10000),
(19, 2025, 'June', 10000),
(19, 2025, 'July', 10000),
(19, 2025, 'August', 10000),
(19, 2025, 'September', 10000),
(20, 2023, 'October', 3000),
(20, 2023, 'November', 3000),
(20, 2023, 'December', 3000),
(20, 2024, 'January', 5000),
(20, 2024, 'February', 5000),
(20, 2024, 'March', 5000),
(20, 2024, 'April', 5000),
(20, 2024, 'May', 5000),
(20, 2024, 'June', 5000),
(20, 2024, 'July', 5000),
(20, 2024, 'August', 5000),
(20, 2024, 'September', 5000),
(20, 2024, 'October', 5000),
(20, 2024, 'November', 5000),
(20, 2024, 'December', 5000),
(20, 2025, 'January', 10000),
(20, 2025, 'February', 10000),
(20, 2025, 'March', 10000),
(20, 2025, 'April', 10000),
(20, 2025, 'May', 10000),
(20, 2025, 'June', 10000),
(20, 2025, 'July', 10000),
(20, 2025, 'August', 10000),
(20, 2025, 'September', 10000),
(21, 2023, 'October', 3000),
(21, 2023, 'November', 3000),
(21, 2023, 'December', 3000),
(21, 2024, 'January', 5000),
(21, 2024, 'February', 5000),
(21, 2024, 'March', 5000),
(21, 2024, 'April', 5000),
(21, 2024, 'May', 5000),
(21, 2024, 'June', 5000),
(21, 2024, 'July', 5000),
(21, 2024, 'August', 5000),
(21, 2024, 'September', 5000),
(21, 2024, 'October', 5000),
(21, 2024, 'November', 5000),
(21, 2024, 'December', 5000),
(21, 2025, 'January', 10000),
(21, 2025, 'February', 10000),
(21, 2025, 'March', 10000),
(21, 2025, 'April', 10000),
(21, 2025, 'May', 10000),
(21, 2025, 'June', 10000),
(21, 2025, 'July', 10000),
(21, 2025, 'August', 10000),
(21, 2025, 'September', 10000),
(22, 2023, 'October', 3000),
(22, 2023, 'November', 3000),
(22, 2023, 'December', 3000),
(22, 2024, 'January', 5000),
(22, 2024, 'February', 5000),
(22, 2024, 'March', 5000),
(22, 2024, 'April', 5000),
(22, 2024, 'May', 5000),
(22, 2024, 'June', 5000),
(22, 2024, 'July', 5000),
(22, 2024, 'August', 5000),
(22, 2024, 'September', 5000),
(22, 2024, 'October', 5000),
(22, 2024, 'November', 5000),
(22, 2024, 'December', 5000),
(22, 2025, 'January', 10000),
(22, 2025, 'February', 10000),
(22, 2025, 'March', 10000),
(22, 2025, 'April', 10000),
(22, 2025, 'May', 10000),
(22, 2025, 'June', 10000),
(22, 2025, 'July', 10000),
(22, 2025, 'August', 10000),
(22, 2025, 'September', 10000),
(23, 2023, 'October', 3000),
(23, 2023, 'November', 3000),
(23, 2023, 'December', 3000),
(23, 2024, 'January', 5000),
(23, 2024, 'February', 5000),
(23, 2024, 'March', 5000),
(23, 2024, 'April', 5000),
(23, 2024, 'May', 5000),
(23, 2024, 'June', 5000),
(23, 2024, 'July', 5000),
(23, 2024, 'August', 5000),
(23, 2024, 'September', 5000),
(23, 2024, 'October', 5000),
(23, 2024, 'November', 5000),
(23, 2024, 'December', 5000),
(23, 2025, 'January', 10000),
(23, 2025, 'February', 10000),
(23, 2025, 'March', 10000),
(23, 2025, 'April', 10000),
(23, 2025, 'May', 10000),
(23, 2025, 'June', 10000),
(23, 2025, 'July', 10000),
(23, 2025, 'August', 10000),
(23, 2025, 'September', 10000),
(24, 2023, 'October', 3000),
(24, 2023, 'November', 3000),
(24, 2023, 'December', 3000),
(24, 2024, 'January', 5000),
(24, 2024, 'February', 5000),
(24, 2024, 'March', 5000),
(24, 2024, 'April', 5000),
(24, 2024, 'May', 5000),
(24, 2024, 'June', 5000),
(24, 2024, 'July', 5000),
(24, 2024, 'August', 5000),
(24, 2024, 'September', 5000),
(24, 2024, 'October', 5000),
(24, 2024, 'November', 5000),
(24, 2024, 'December', 5000),
(24, 2025, 'January', 10000),
(24, 2025, 'February', 10000),
(24, 2025, 'March', 10000),
(24, 2025, 'April', 10000),
(24, 2025, 'May', 10000),
(24, 2025, 'June', 10000),
(24, 2025, 'July', 10000),
(24, 2025, 'August', 10000),
(24, 2025, 'September', 10000),
(25, 2023, 'October', 3000),
(25, 2023, 'November', 3000),
(25, 2023, 'December', 3000),
(25, 2024, 'January', 5000),
(25, 2024, 'February', 5000),
(25, 2024, 'March', 5000),
(25, 2024, 'April', 5000),
(25, 2024, 'May', 5000),
(25, 2024, 'June', 5000),
(25, 2024, 'July', 5000),
(25, 2024, 'August', 5000),
(25, 2024, 'September', 5000),
(25, 2024, 'October', 5000),
(25, 2024, 'November', 5000),
(25, 2024, 'December', 5000),
(25, 2025, 'January', 10000),
(25, 2025, 'February', 10000),
(25, 2025, 'March', 10000),
(25, 2025, 'April', 10000),
(25, 2025, 'May', 10000),
(25, 2025, 'June', 10000),
(25, 2025, 'July', 10000),
(25, 2025, 'August', 10000),
(25, 2025, 'September', 10000),
(26, 2023, 'October', 3000),
(26, 2023, 'November', 3000),
(26, 2023, 'December', 3000),
(26, 2024, 'January', 5000),
(26, 2024, 'February', 5000),
(26, 2024, 'March', 5000),
(26, 2024, 'April', 5000),
(26, 2024, 'May', 5000),
(26, 2024, 'June', 5000),
(26, 2024, 'July', 5000),
(26, 2024, 'August', 5000),
(26, 2024, 'September', 5000),
(26, 2024, 'October', 5000),
(26, 2024, 'November', 5000),
(26, 2024, 'December', 5000),
(26, 2025, 'January', 10000),
(26, 2025, 'February', 10000),
(26, 2025, 'March', 10000),
(26, 2025, 'April', 10000),
(26, 2025, 'May', 10000),
(26, 2025, 'June', 10000),
(26, 2025, 'July', 10000),
(26, 2025, 'August', 10000),
(26, 2025, 'September', 10000),
(27, 2023, 'October', 3000),
(27, 2023, 'November', 3000),
(27, 2023, 'December', 3000),
(27, 2024, 'January', 5000),
(27, 2024, 'February', 5000),
(27, 2024, 'March', 5000),
(27, 2024, 'April', 5000),
(27, 2024, 'May', 5000),
(27, 2024, 'June', 5000),
(27, 2024, 'July', 5000),
(27, 2024, 'August', 5000),
(27, 2024, 'September', 5000),
(27, 2024, 'October', 5000),
(27, 2024, 'November', 5000),
(27, 2024, 'December', 5000),
(27, 2025, 'January', 10000),
(27, 2025, 'February', 10000),
(27, 2025, 'March', 10000),
(27, 2025, 'April', 10000),
(27, 2025, 'May', 10000),
(27, 2025, 'June', 10000),
(27, 2025, 'July', 10000),
(27, 2025, 'August', 10000),
(27, 2025, 'September', 10000),
(28, 2023, 'October', 3000),
(28, 2023, 'November', 3000),
(28, 2023, 'December', 3000),
(28, 2024, 'January', 5000),
(28, 2024, 'February', 5000),
(28, 2024, 'March', 5000),
(28, 2024, 'April', 5000),
(28, 2024, 'May', 5000),
(28, 2024, 'June', 5000),
(28, 2024, 'July', 5000),
(28, 2024, 'August', 5000),
(28, 2024, 'September', 5000),
(28, 2024, 'October', 5000),
(28, 2024, 'November', 5000),
(28, 2024, 'December', 5000),
(28, 2025, 'January', 10000),
(28, 2025, 'February', 10000),
(28, 2025, 'March', 10000),
(28, 2025, 'April', 10000),
(28, 2025, 'May', 10000),
(28, 2025, 'June', 10000),
(28, 2025, 'July', 10000),
(28, 2025, 'August', 10000),
(28, 2025, 'September', 10000),
(29, 2023, 'October', 3000),
(29, 2023, 'November', 3000),
(29, 2023, 'December', 3000),
(29, 2024, 'January', 5000),
(29, 2024, 'February', 5000),
(29, 2024, 'March', 5000),
(29, 2024, 'April', 5000),
(29, 2024, 'May', 5000),
(29, 2024, 'June', 5000),
(29, 2024, 'July', 5000),
(29, 2024, 'August', 5000),
(29, 2024, 'September', 5000),
(29, 2024, 'October', 5000),
(29, 2024, 'November', 5000),
(29, 2024, 'December', 5000),
(29, 2025, 'January', 10000),
(29, 2025, 'February', 10000),
(29, 2025, 'March', 10000),
(29, 2025, 'April', 10000),
(29, 2025, 'May', 10000),
(29, 2025, 'June', 10000),
(29, 2025, 'July', 10000),
(29, 2025, 'August', 10000),
(29, 2025, 'September', 10000),
(30, 2023, 'October', 3000),
(30, 2023, 'November', 3000),
(30, 2023, 'December', 3000),
(30, 2024, 'January', 5000),
(30, 2024, 'February', 5000),
(30, 2024, 'March', 5000),
(30, 2024, 'April', 5000),
(30, 2024, 'May', 5000),
(30, 2024, 'June', 5000),
(30, 2024, 'July', 5000),
(30, 2024, 'August', 5000),
(30, 2024, 'September', 5000),
(30, 2024, 'October', 5000),
(30, 2024, 'November', 5000),
(30, 2024, 'December', 5000),
(30, 2025, 'January', 10000),
(30, 2025, 'February', 10000),
(30, 2025, 'March', 10000),
(30, 2025, 'April', 10000),
(30, 2025, 'May', 10000),
(30, 2025, 'June', 10000),
(30, 2025, 'July', 10000),
(30, 2025, 'August', 10000),
(30, 2025, 'September', 10000),
(31, 2023, 'October', 3000),
(31, 2023, 'November', 3000),
(31, 2023, 'December', 3000),
(31, 2024, 'January', 5000),
(31, 2024, 'February', 5000),
(31, 2024, 'March', 5000),
(31, 2024, 'April', 5000),
(31, 2024, 'May', 5000),
(31, 2024, 'June', 5000),
(31, 2024, 'July', 5000),
(31, 2024, 'August', 5000),
(31, 2024, 'September', 5000),
(31, 2024, 'October', 5000),
(31, 2024, 'November', 5000),
(31, 2024, 'December', 5000),
(31, 2025, 'January', 10000),
(31, 2025, 'February', 10000),
(31, 2025, 'March', 10000),
(31, 2025, 'April', 10000),
(31, 2025, 'May', 10000),
(31, 2025, 'June', 10000),
(31, 2025, 'July', 10000),
(31, 2025, 'August', 10000),
(31, 2025, 'September', 10000),
(32, 2023, 'October', 3000),
(32, 2023, 'November', 3000),
(32, 2023, 'December', 3000),
(32, 2024, 'January', 5000),
(32, 2024, 'February', 5000),
(32, 2024, 'March', 5000),
(32, 2024, 'April', 5000),
(32, 2024, 'May', 5000),
(32, 2024, 'June', 5000),
(32, 2024, 'July', 5000),
(32, 2024, 'August', 5000),
(32, 2024, 'September', 5000),
(32, 2024, 'October', 5000),
(32, 2024, 'November', 5000),
(32, 2024, 'December', 5000),
(32, 2025, 'January', 10000),
(32, 2025, 'February', 10000),
(32, 2025, 'March', 10000),
(32, 2025, 'April', 10000),
(32, 2025, 'May', 10000),
(32, 2025, 'June', 10000),
(32, 2025, 'July', 10000),
(32, 2025, 'August', 10000),
(32, 2025, 'September', 10000),
(33, 2023, 'October', 3000),
(33, 2023, 'November', 3000),
(33, 2023, 'December', 3000),
(33, 2024, 'January', 5000),
(33, 2024, 'February', 5000),
(33, 2024, 'March', 5000),
(33, 2024, 'April', 5000),
(33, 2024, 'May', 5000),
(33, 2024, 'June', 5000),
(33, 2024, 'July', 5000),
(33, 2024, 'August', 5000),
(33, 2024, 'September', 5000),
(33, 2024, 'October', 5000),
(33, 2024, 'November', 5000),
(33, 2024, 'December', 5000),
(33, 2025, 'January', 10000),
(33, 2025, 'February', 10000),
(33, 2025, 'March', 10000),
(33, 2025, 'April', 10000),
(33, 2025, 'May', 10000),
(33, 2025, 'June', 10000),
(33, 2025, 'July', 10000),
(33, 2025, 'August', 10000),
(33, 2025, 'September', 10000),
(34, 2023, 'October', 3000),
(34, 2023, 'November', 3000),
(34, 2023, 'December', 3000),
(34, 2024, 'January', 5000),
(34, 2024, 'February', 5000),
(34, 2024, 'March', 5000),
(34, 2024, 'April', 5000),
(34, 2024, 'May', 5000),
(34, 2024, 'June', 5000),
(34, 2024, 'July', 5000),
(34, 2024, 'August', 5000),
(34, 2024, 'September', 5000),
(34, 2024, 'October', 5000),
(34, 2024, 'November', 5000),
(34, 2024, 'December', 5000),
(34, 2025, 'January', 10000),
(34, 2025, 'February', 10000),
(34, 2025, 'March', 10000),
(34, 2025, 'April', 10000),
(34, 2025, 'May', 10000),
(34, 2025, 'June', 10000),
(34, 2025, 'July', 10000),
(34, 2025, 'August', 10000),
(34, 2025, 'September', 10000),
(35, 2023, 'October', 3000),
(35, 2023, 'November', 3000),
(35, 2023, 'December', 3000),
(35, 2024, 'January', 5000),
(35, 2024, 'February', 5000),
(35, 2024, 'March', 5000),
(35, 2024, 'April', 5000),
(35, 2024, 'May', 5000),
(35, 2024, 'June', 5000),
(35, 2024, 'July', 5000),
(35, 2024, 'August', 5000),
(35, 2024, 'September', 5000),
(35, 2024, 'October', 5000),
(35, 2024, 'November', 5000),
(35, 2024, 'December', 5000),
(35, 2025, 'January', 10000),
(35, 2025, 'February', 10000),
(35, 2025, 'March', 10000),
(35, 2025, 'April', 10000),
(35, 2025, 'May', 10000),
(35, 2025, 'June', 10000),
(35, 2025, 'July', 10000),
(35, 2025, 'August', 10000),
(35, 2025, 'September', 10000),
(36, 2023, 'October', 3000),
(36, 2023, 'November', 3000),
(36, 2023, 'December', 3000),
(36, 2024, 'January', 5000),
(36, 2024, 'February', 5000),
(36, 2024, 'March', 5000),
(36, 2024, 'April', 5000),
(36, 2024, 'May', 5000),
(36, 2024, 'June', 5000),
(36, 2024, 'July', 5000),
(36, 2024, 'August', 5000),
(36, 2024, 'September', 5000),
(36, 2024, 'October', 5000),
(36, 2024, 'November', 5000),
(36, 2024, 'December', 5000),
(36, 2025, 'January', 10000),
(36, 2025, 'February', 10000),
(36, 2025, 'March', 10000),
(36, 2025, 'April', 10000),
(36, 2025, 'May', 10000),
(36, 2025, 'June', 10000),
(36, 2025, 'July', 10000),
(36, 2025, 'August', 10000),
(36, 2025, 'September', 10000),
(37, 2023, 'October', 3000),
(37, 2023, 'November', 3000),
(37, 2023, 'December', 3000),
(37, 2024, 'January', 5000),
(37, 2024, 'February', 5000),
(37, 2024, 'March', 5000),
(37, 2024, 'April', 5000),
(37, 2024, 'May', 5000),
(37, 2024, 'June', 5000),
(37, 2024, 'July', 5000),
(37, 2024, 'August', 5000),
(37, 2024, 'September', 5000),
(37, 2024, 'October', 5000),
(37, 2024, 'November', 5000),
(37, 2024, 'December', 5000),
(37, 2025, 'January', 10000),
(37, 2025, 'February', 10000),
(37, 2025, 'March', 10000),
(37, 2025, 'April', 10000),
(37, 2025, 'May', 10000),
(37, 2025, 'June', 10000),
(37, 2025, 'July', 10000),
(37, 2025, 'August', 10000),
(37, 2025, 'September', 10000),
(38, 2023, 'October', 3000),
(38, 2023, 'November', 3000),
(38, 2023, 'December', 3000),
(38, 2024, 'January', 5000),
(38, 2024, 'February', 5000),
(38, 2024, 'March', 5000),
(38, 2024, 'April', 5000),
(38, 2024, 'May', 5000),
(38, 2024, 'June', 5000),
(38, 2024, 'July', 5000),
(38, 2024, 'August', 5000),
(38, 2024, 'September', 5000),
(38, 2024, 'October', 5000),
(38, 2024, 'November', 5000),
(38, 2024, 'December', 5000),
(38, 2025, 'January', 10000),
(38, 2025, 'February', 10000),
(38, 2025, 'March', 10000),
(38, 2025, 'April', 10000),
(38, 2025, 'May', 10000),
(38, 2025, 'June', 10000),
(38, 2025, 'July', 10000),
(38, 2025, 'August', 10000),
(38, 2025, 'September', 10000),
(39, 2023, 'October', 3000),
(39, 2023, 'November', 3000),
(39, 2023, 'December', 3000),
(39, 2024, 'January', 5000),
(39, 2024, 'February', 5000),
(39, 2024, 'March', 5000),
(39, 2024, 'April', 5000),
(39, 2024, 'May', 5000),
(39, 2024, 'June', 5000),
(39, 2024, 'July', 5000),
(39, 2024, 'August', 5000),
(39, 2024, 'September', 5000),
(39, 2024, 'October', 5000),
(39, 2024, 'November', 5000),
(39, 2024, 'December', 5000),
(39, 2025, 'January', 10000),
(39, 2025, 'February', 10000),
(39, 2025, 'March', 10000),
(39, 2025, 'April', 10000),
(39, 2025, 'May', 10000),
(39, 2025, 'June', 10000),
(39, 2025, 'July', 10000),
(39, 2025, 'August', 10000),
(39, 2025, 'September', 10000),
(40, 2023, 'October', 3000),
(40, 2023, 'November', 3000),
(40, 2023, 'December', 3000),
(40, 2024, 'January', 5000),
(40, 2024, 'February', 5000),
(40, 2024, 'March', 5000),
(40, 2024, 'April', 5000),
(40, 2024, 'May', 5000),
(40, 2024, 'June', 5000),
(40, 2024, 'July', 5000),
(40, 2024, 'August', 5000),
(40, 2024, 'September', 5000),
(40, 2024, 'October', 5000),
(40, 2024, 'November', 5000),
(40, 2024, 'December', 5000),
(40, 2025, 'January', 10000),
(40, 2025, 'February', 10000),
(40, 2025, 'March', 10000),
(40, 2025, 'April', 10000),
(40, 2025, 'May', 10000),
(40, 2025, 'June', 10000),
(40, 2025, 'July', 10000),
(40, 2025, 'August', 10000),
(40, 2025, 'September', 10000),
(41, 2023, 'October', 3000),
(41, 2023, 'November', 3000),
(41, 2023, 'December', 3000),
(41, 2024, 'January', 5000),
(41, 2024, 'February', 5000),
(41, 2024, 'March', 5000),
(41, 2024, 'April', 5000),
(41, 2024, 'May', 5000),
(41, 2024, 'June', 5000),
(41, 2024, 'July', 5000),
(41, 2024, 'August', 5000),
(41, 2024, 'September', 5000),
(41, 2024, 'October', 5000),
(41, 2024, 'November', 5000),
(41, 2024, 'December', 5000),
(41, 2025, 'January', 10000),
(41, 2025, 'February', 10000),
(41, 2025, 'March', 10000),
(41, 2025, 'April', 10000),
(41, 2025, 'May', 10000),
(41, 2025, 'June', 10000),
(41, 2025, 'July', 10000),
(41, 2025, 'August', 10000),
(41, 2025, 'September', 10000),
(42, 2023, 'October', 3000),
(42, 2023, 'November', 3000),
(42, 2023, 'December', 3000),
(42, 2024, 'January', 5000),
(42, 2024, 'February', 5000),
(42, 2024, 'March', 5000),
(42, 2024, 'April', 5000),
(42, 2024, 'May', 5000),
(42, 2024, 'June', 5000),
(42, 2024, 'July', 5000),
(42, 2024, 'August', 5000),
(42, 2024, 'September', 5000),
(42, 2024, 'October', 5000),
(42, 2024, 'November', 5000),
(42, 2024, 'December', 5000),
(42, 2025, 'January', 10000),
(42, 2025, 'February', 10000),
(42, 2025, 'March', 10000),
(42, 2025, 'April', 10000),
(42, 2025, 'May', 10000),
(42, 2025, 'June', 10000),
(42, 2025, 'July', 10000),
(42, 2025, 'August', 10000),
(42, 2025, 'September', 10000),
(43, 2023, 'October', 3000),
(43, 2023, 'November', 3000),
(43, 2023, 'December', 3000),
(43, 2024, 'January', 5000),
(43, 2024, 'February', 5000),
(43, 2024, 'March', 5000),
(43, 2024, 'April', 5000),
(43, 2024, 'May', 5000),
(43, 2024, 'June', 5000),
(43, 2024, 'July', 5000),
(43, 2024, 'August', 5000),
(43, 2024, 'September', 5000),
(43, 2024, 'October', 5000),
(43, 2024, 'November', 5000),
(43, 2024, 'December', 5000),
(43, 2025, 'January', 10000),
(43, 2025, 'February', 10000),
(43, 2025, 'March', 10000),
(43, 2025, 'April', 10000),
(43, 2025, 'May', 10000),
(43, 2025, 'June', 10000),
(43, 2025, 'July', 10000),
(43, 2025, 'August', 10000),
(43, 2025, 'September', 10000),
(44, 2023, 'October', 3000),
(44, 2023, 'November', 3000),
(44, 2023, 'December', 3000),
(44, 2024, 'January', 5000),
(44, 2024, 'February', 5000),
(44, 2024, 'March', 5000),
(44, 2024, 'April', 5000),
(44, 2024, 'May', 5000),
(44, 2024, 'June', 5000),
(44, 2024, 'July', 5000),
(44, 2024, 'August', 5000),
(44, 2024, 'September', 5000),
(44, 2024, 'October', 5000),
(44, 2024, 'November', 5000),
(44, 2024, 'December', 5000),
(44, 2025, 'January', 10000),
(44, 2025, 'February', 10000),
(44, 2025, 'March', 10000),
(44, 2025, 'April', 10000),
(44, 2025, 'May', 10000),
(44, 2025, 'June', 10000),
(44, 2025, 'July', 10000),
(44, 2025, 'August', 10000),
(44, 2025, 'September', 10000),
(45, 2023, 'October', 3000),
(45, 2023, 'November', 3000),
(45, 2023, 'December', 3000),
(45, 2024, 'January', 5000),
(45, 2024, 'February', 5000),
(45, 2024, 'March', 5000),
(45, 2024, 'April', 5000),
(45, 2024, 'May', 5000),
(45, 2024, 'June', 5000),
(45, 2024, 'July', 5000),
(45, 2024, 'August', 5000),
(45, 2024, 'September', 5000),
(45, 2024, 'October', 5000),
(45, 2024, 'November', 5000),
(45, 2024, 'December', 5000),
(45, 2025, 'January', 10000),
(45, 2025, 'February', 10000),
(45, 2025, 'March', 10000),
(45, 2025, 'April', 10000),
(45, 2025, 'May', 10000),
(45, 2025, 'June', 10000),
(45, 2025, 'July', 10000),
(45, 2025, 'August', 10000),
(45, 2025, 'September', 10000),
(46, 2023, 'October', 3000),
(46, 2023, 'November', 3000),
(46, 2023, 'December', 3000),
(46, 2024, 'January', 5000),
(46, 2024, 'February', 5000),
(46, 2024, 'March', 5000),
(46, 2024, 'April', 5000),
(46, 2024, 'May', 5000),
(46, 2024, 'June', 5000),
(46, 2024, 'July', 5000),
(46, 2024, 'August', 5000),
(46, 2024, 'September', 5000),
(46, 2024, 'October', 5000),
(46, 2024, 'November', 5000),
(46, 2024, 'December', 5000),
(46, 2025, 'January', 10000),
(46, 2025, 'February', 10000),
(46, 2025, 'March', 10000),
(46, 2025, 'April', 10000),
(46, 2025, 'May', 10000),
(46, 2025, 'June', 10000),
(46, 2025, 'July', 10000),
(46, 2025, 'August', 10000),
(46, 2025, 'September', 10000),
(47, 2023, 'October', 3000),
(47, 2023, 'November', 3000),
(47, 2023, 'December', 3000),
(47, 2024, 'January', 5000),
(47, 2024, 'February', 5000),
(47, 2024, 'March', 5000),
(47, 2024, 'April', 5000),
(47, 2024, 'May', 5000),
(47, 2024, 'June', 5000),
(47, 2024, 'July', 5000),
(47, 2024, 'August', 5000),
(47, 2024, 'September', 5000),
(47, 2024, 'October', 5000),
(47, 2024, 'November', 5000),
(47, 2024, 'December', 5000),
(47, 2025, 'January', 10000),
(47, 2025, 'February', 10000),
(47, 2025, 'March', 10000),
(47, 2025, 'April', 10000),
(47, 2025, 'May', 10000),
(47, 2025, 'June', 10000),
(47, 2025, 'July', 10000),
(47, 2025, 'August', 10000),
(47, 2025, 'September', 10000),
(48, 2023, 'October', 3000),
(48, 2023, 'November', 3000),
(48, 2023, 'December', 3000),
(48, 2024, 'January', 5000),
(48, 2024, 'February', 5000),
(48, 2024, 'March', 5000),
(48, 2024, 'April', 5000),
(48, 2024, 'May', 5000),
(48, 2024, 'June', 5000),
(48, 2024, 'July', 5000),
(48, 2024, 'August', 5000),
(48, 2024, 'September', 5000),
(48, 2024, 'October', 5000),
(48, 2024, 'November', 5000),
(48, 2024, 'December', 5000),
(48, 2025, 'January', 10000),
(48, 2025, 'February', 10000),
(48, 2025, 'March', 10000),
(48, 2025, 'April', 10000),
(48, 2025, 'May', 10000),
(48, 2025, 'June', 10000),
(48, 2025, 'July', 10000),
(48, 2025, 'August', 10000),
(48, 2025, 'September', 10000),
(49, 2023, 'October', 3000),
(49, 2023, 'November', 3000),
(49, 2023, 'December', 3000),
(49, 2024, 'January', 5000),
(49, 2024, 'February', 5000),
(49, 2024, 'March', 5000),
(49, 2024, 'April', 5000),
(49, 2024, 'May', 5000),
(49, 2024, 'June', 5000),
(49, 2024, 'July', 5000),
(49, 2024, 'August', 5000),
(49, 2024, 'September', 5000),
(49, 2024, 'October', 5000),
(49, 2024, 'November', 5000),
(49, 2024, 'December', 5000),
(49, 2025, 'January', 10000),
(49, 2025, 'February', 10000),
(49, 2025, 'March', 10000),
(49, 2025, 'April', 10000),
(49, 2025, 'May', 10000),
(49, 2025, 'June', 10000),
(49, 2025, 'July', 10000),
(49, 2025, 'August', 10000),
(49, 2025, 'September', 10000),
(50, 2023, 'October', 3000),
(50, 2023, 'November', 3000),
(50, 2023, 'December', 3000),
(50, 2024, 'January', 5000),
(50, 2024, 'February', 5000),
(50, 2024, 'March', 5000),
(50, 2024, 'April', 5000),
(50, 2024, 'May', 5000),
(50, 2024, 'June', 5000),
(50, 2024, 'July', 5000),
(50, 2024, 'August', 5000),
(50, 2024, 'September', 5000),
(50, 2024, 'October', 5000),
(50, 2024, 'November', 5000),
(50, 2024, 'December', 5000),
(50, 2025, 'January', 10000),
(50, 2025, 'February', 10000),
(50, 2025, 'March', 10000),
(50, 2025, 'April', 10000),
(50, 2025, 'May', 10000),
(50, 2025, 'June', 10000),
(50, 2025, 'July', 10000),
(50, 2025, 'August', 10000),
(50, 2025, 'September', 10000),
(51, 2023, 'October', 3000),
(51, 2023, 'November', 3000),
(51, 2023, 'December', 3000),
(51, 2024, 'January', 5000),
(51, 2024, 'February', 5000),
(51, 2024, 'March', 5000),
(51, 2024, 'April', 5000),
(51, 2024, 'May', 5000),
(51, 2024, 'June', 5000),
(51, 2024, 'July', 5000),
(51, 2024, 'August', 5000),
(51, 2024, 'September', 5000),
(51, 2024, 'October', 5000),
(51, 2024, 'November', 5000),
(51, 2024, 'December', 5000),
(51, 2025, 'January', 10000),
(51, 2025, 'February', 10000),
(51, 2025, 'March', 10000),
(51, 2025, 'April', 10000),
(51, 2025, 'May', 10000),
(51, 2025, 'June', 10000),
(51, 2025, 'July', 10000),
(51, 2025, 'August', 10000),
(51, 2025, 'September', 10000),
(52, 2023, 'October', 3000),
(52, 2023, 'November', 3000),
(52, 2023, 'December', 3000),
(52, 2024, 'January', 5000),
(52, 2024, 'February', 5000),
(52, 2024, 'March', 5000),
(52, 2024, 'April', 5000),
(52, 2024, 'May', 5000),
(52, 2024, 'June', 5000),
(52, 2024, 'July', 5000),
(52, 2024, 'August', 5000),
(52, 2024, 'September', 5000),
(52, 2024, 'October', 5000),
(52, 2024, 'November', 5000),
(52, 2024, 'December', 5000),
(52, 2025, 'January', 10000),
(52, 2025, 'February', 10000),
(52, 2025, 'March', 10000),
(52, 2025, 'April', 10000),
(52, 2025, 'May', 10000),
(52, 2025, 'June', 10000),
(52, 2025, 'July', 10000),
(52, 2025, 'August', 10000),
(52, 2025, 'September', 10000),
(53, 2023, 'October', 3000),
(53, 2023, 'November', 3000),
(53, 2023, 'December', 3000),
(53, 2024, 'January', 5000),
(53, 2024, 'February', 5000),
(53, 2024, 'March', 5000),
(53, 2024, 'April', 5000),
(53, 2024, 'May', 5000),
(53, 2024, 'June', 5000),
(53, 2024, 'July', 5000),
(53, 2024, 'August', 5000),
(53, 2024, 'September', 5000),
(53, 2024, 'October', 5000),
(53, 2024, 'November', 5000),
(53, 2024, 'December', 5000),
(53, 2025, 'January', 10000),
(53, 2025, 'February', 10000),
(53, 2025, 'March', 10000),
(53, 2025, 'April', 10000),
(53, 2025, 'May', 10000),
(53, 2025, 'June', 10000),
(53, 2025, 'July', 10000),
(53, 2025, 'August', 10000),
(53, 2025, 'September', 10000),
(54, 2023, 'October', 3000),
(54, 2023, 'November', 3000),
(54, 2023, 'December', 3000),
(54, 2024, 'January', 5000),
(54, 2024, 'February', 5000),
(54, 2024, 'March', 5000),
(54, 2024, 'April', 5000),
(54, 2024, 'May', 5000),
(54, 2024, 'June', 5000),
(54, 2024, 'July', 5000),
(54, 2024, 'August', 5000),
(54, 2024, 'September', 5000),
(54, 2024, 'October', 5000),
(54, 2024, 'November', 5000),
(54, 2024, 'December', 5000),
(54, 2025, 'January', 10000),
(54, 2025, 'February', 10000),
(54, 2025, 'March', 10000),
(54, 2025, 'April', 10000),
(54, 2025, 'May', 10000),
(54, 2025, 'June', 10000),
(54, 2025, 'July', 10000),
(54, 2025, 'August', 10000),
(54, 2025, 'September', 10000),
(55, 2023, 'October', 3000),
(55, 2023, 'November', 3000),
(55, 2023, 'December', 3000),
(55, 2024, 'January', 5000),
(55, 2024, 'February', 5000),
(55, 2024, 'March', 5000),
(55, 2024, 'April', 5000),
(55, 2024, 'May', 5000),
(55, 2024, 'June', 5000),
(55, 2024, 'July', 5000),
(55, 2024, 'August', 5000),
(55, 2024, 'September', 5000),
(55, 2024, 'October', 5000),
(55, 2024, 'November', 5000),
(55, 2024, 'December', 5000),
(55, 2025, 'January', 10000),
(55, 2025, 'February', 10000),
(55, 2025, 'March', 10000),
(55, 2025, 'April', 10000),
(55, 2025, 'May', 10000),
(55, 2025, 'June', 10000),
(55, 2025, 'July', 10000),
(55, 2025, 'August', 10000),
(55, 2025, 'September', 10000),
(56, 2023, 'October', 3000),
(56, 2023, 'November', 3000),
(56, 2023, 'December', 3000),
(56, 2024, 'January', 5000),
(56, 2024, 'February', 5000),
(56, 2024, 'March', 5000),
(56, 2024, 'April', 5000),
(56, 2024, 'May', 5000),
(56, 2024, 'June', 5000),
(56, 2024, 'July', 5000),
(56, 2024, 'August', 5000),
(56, 2024, 'September', 5000),
(56, 2024, 'October', 5000),
(56, 2024, 'November', 5000),
(56, 2024, 'December', 5000),
(56, 2025, 'January', 10000),
(56, 2025, 'February', 10000),
(56, 2025, 'March', 10000),
(56, 2025, 'April', 10000),
(56, 2025, 'May', 10000),
(56, 2025, 'June', 10000),
(56, 2025, 'July', 10000),
(56, 2025, 'August', 10000),
(56, 2025, 'September', 10000),
(57, 2023, 'October', 3000),
(57, 2023, 'November', 3000),
(57, 2023, 'December', 3000),
(57, 2024, 'January', 5000),
(57, 2024, 'February', 5000),
(57, 2024, 'March', 5000),
(57, 2024, 'April', 5000),
(57, 2024, 'May', 5000),
(57, 2024, 'June', 5000),
(57, 2024, 'July', 5000),
(57, 2024, 'August', 5000),
(57, 2024, 'September', 5000),
(57, 2024, 'October', 5000),
(57, 2024, 'November', 5000),
(57, 2024, 'December', 5000),
(57, 2025, 'January', 10000),
(57, 2025, 'February', 10000),
(57, 2025, 'March', 10000),
(57, 2025, 'April', 10000),
(57, 2025, 'May', 10000),
(57, 2025, 'June', 10000),
(57, 2025, 'July', 10000),
(57, 2025, 'August', 10000),
(57, 2025, 'September', 10000),
(58, 2023, 'October', 3000),
(58, 2023, 'November', 3000),
(58, 2023, 'December', 3000),
(58, 2024, 'January', 5000),
(58, 2024, 'February', 5000),
(58, 2024, 'March', 5000),
(58, 2024, 'April', 5000),
(58, 2024, 'May', 5000),
(58, 2024, 'June', 5000),
(58, 2024, 'July', 5000),
(58, 2024, 'August', 5000),
(58, 2024, 'September', 5000),
(58, 2024, 'October', 5000),
(58, 2024, 'November', 5000),
(58, 2024, 'December', 5000),
(58, 2025, 'January', 10000),
(58, 2025, 'February', 10000),
(58, 2025, 'March', 10000),
(58, 2025, 'April', 10000),
(58, 2025, 'May', 10000),
(58, 2025, 'June', 10000),
(58, 2025, 'July', 10000),
(58, 2025, 'August', 10000),
(58, 2025, 'September', 10000),
(59, 2023, 'October', 3000),
(59, 2023, 'November', 3000),
(59, 2023, 'December', 3000),
(59, 2024, 'January', 5000),
(59, 2024, 'February', 5000),
(59, 2024, 'March', 5000),
(59, 2024, 'April', 5000),
(59, 2024, 'May', 5000),
(59, 2024, 'June', 5000),
(59, 2024, 'July', 5000),
(59, 2024, 'August', 5000),
(59, 2024, 'September', 5000),
(59, 2024, 'October', 5000),
(59, 2024, 'November', 5000),
(59, 2024, 'December', 5000),
(59, 2025, 'January', 10000),
(59, 2025, 'February', 10000),
(59, 2025, 'March', 10000),
(59, 2025, 'April', 10000),
(59, 2025, 'May', 10000),
(59, 2025, 'June', 10000),
(59, 2025, 'July', 10000),
(59, 2025, 'August', 10000),
(59, 2025, 'September', 10000),
(60, 2023, 'October', 3000),
(60, 2023, 'November', 3000),
(60, 2023, 'December', 3000),
(60, 2024, 'January', 5000),
(60, 2024, 'February', 5000),
(60, 2024, 'March', 5000),
(60, 2024, 'April', 5000),
(60, 2024, 'May', 5000),
(60, 2024, 'June', 5000),
(60, 2024, 'July', 5000),
(60, 2024, 'August', 5000),
(60, 2024, 'September', 5000),
(60, 2024, 'October', 5000),
(60, 2024, 'November', 5000),
(60, 2024, 'December', 5000),
(60, 2025, 'January', 10000),
(60, 2025, 'February', 10000),
(60, 2025, 'March', 10000),
(60, 2025, 'April', 10000),
(60, 2025, 'May', 10000),
(60, 2025, 'June', 10000),
(60, 2025, 'July', 10000),
(60, 2025, 'August', 10000),
(60, 2025, 'September', 10000),
(61, 2023, 'October', 3000),
(61, 2023, 'November', 3000),
(61, 2023, 'December', 3000),
(61, 2024, 'January', 5000),
(61, 2024, 'February', 5000),
(61, 2024, 'March', 5000),
(61, 2024, 'April', 5000),
(61, 2024, 'May', 5000),
(61, 2024, 'June', 5000),
(61, 2024, 'July', 5000),
(61, 2024, 'August', 5000),
(61, 2024, 'September', 5000),
(61, 2024, 'October', 5000),
(61, 2024, 'November', 5000),
(61, 2024, 'December', 5000),
(61, 2025, 'January', 10000),
(61, 2025, 'February', 10000),
(61, 2025, 'March', 10000),
(61, 2025, 'April', 10000),
(61, 2025, 'May', 10000),
(61, 2025, 'June', 10000),
(61, 2025, 'July', 10000),
(61, 2025, 'August', 10000),
(61, 2025, 'September', 10000),
(62, 2023, 'October', 3000),
(62, 2023, 'November', 3000),
(62, 2023, 'December', 3000),
(62, 2024, 'January', 5000),
(62, 2024, 'February', 5000),
(62, 2024, 'March', 5000),
(62, 2024, 'April', 5000),
(62, 2024, 'May', 5000),
(62, 2024, 'June', 5000),
(62, 2024, 'July', 5000),
(62, 2024, 'August', 5000),
(62, 2024, 'September', 5000),
(62, 2024, 'October', 5000),
(62, 2024, 'November', 5000),
(62, 2024, 'December', 5000),
(62, 2025, 'January', 10000),
(62, 2025, 'February', 10000),
(62, 2025, 'March', 10000),
(62, 2025, 'April', 10000),
(62, 2025, 'May', 10000),
(62, 2025, 'June', 10000),
(62, 2025, 'July', 10000),
(62, 2025, 'August', 10000),
(62, 2025, 'September', 10000),
(63, 2023, 'October', 3000),
(63, 2023, 'November', 3000),
(63, 2023, 'December', 3000),
(63, 2024, 'January', 5000),
(63, 2024, 'February', 5000),
(63, 2024, 'March', 5000),
(63, 2024, 'April', 5000),
(63, 2024, 'May', 5000),
(63, 2024, 'June', 5000),
(63, 2024, 'July', 5000),
(63, 2024, 'August', 5000),
(63, 2024, 'September', 5000),
(63, 2024, 'October', 5000),
(63, 2024, 'November', 5000),
(63, 2024, 'December', 5000),
(63, 2025, 'January', 10000),
(63, 2025, 'February', 10000),
(63, 2025, 'March', 10000),
(63, 2025, 'April', 10000),
(63, 2025, 'May', 10000),
(63, 2025, 'June', 10000),
(63, 2025, 'July', 10000),
(63, 2025, 'August', 10000),
(63, 2025, 'September', 10000),
(64, 2023, 'October', 3000),
(64, 2023, 'November', 3000),
(64, 2023, 'December', 3000),
(64, 2024, 'January', 5000),
(64, 2024, 'February', 5000),
(64, 2024, 'March', 5000),
(64, 2024, 'April', 5000),
(64, 2024, 'May', 5000),
(64, 2024, 'June', 5000),
(64, 2024, 'July', 5000),
(64, 2024, 'August', 5000),
(64, 2024, 'September', 5000),
(64, 2024, 'October', 5000),
(64, 2024, 'November', 5000),
(64, 2024, 'December', 5000),
(64, 2025, 'January', 10000),
(64, 2025, 'February', 10000),
(64, 2025, 'March', 10000),
(64, 2025, 'April', 10000),
(64, 2025, 'May', 10000),
(64, 2025, 'June', 10000),
(64, 2025, 'July', 10000),
(64, 2025, 'August', 10000),
(64, 2025, 'September', 10000),
(65, 2023, 'October', 3000),
(65, 2023, 'November', 3000),
(65, 2023, 'December', 3000),
(65, 2024, 'January', 5000),
(65, 2024, 'February', 5000),
(65, 2024, 'March', 5000),
(65, 2024, 'April', 5000),
(65, 2024, 'May', 5000),
(65, 2024, 'June', 5000),
(65, 2024, 'July', 5000),
(65, 2024, 'August', 5000),
(65, 2024, 'September', 5000),
(65, 2024, 'October', 5000),
(65, 2024, 'November', 5000),
(65, 2024, 'December', 5000),
(65, 2025, 'January', 10000),
(65, 2025, 'February', 10000),
(65, 2025, 'March', 10000),
(65, 2025, 'April', 10000),
(65, 2025, 'May', 10000),
(65, 2025, 'June', 10000),
(65, 2025, 'July', 10000),
(65, 2025, 'August', 10000),
(65, 2025, 'September', 10000),
(66, 2023, 'October', 3000),
(66, 2023, 'November', 3000),
(66, 2023, 'December', 3000),
(66, 2024, 'January', 5000),
(66, 2024, 'February', 5000),
(66, 2024, 'March', 5000),
(66, 2024, 'April', 5000),
(66, 2024, 'May', 5000),
(66, 2024, 'June', 5000),
(66, 2024, 'July', 5000),
(66, 2024, 'August', 5000),
(66, 2024, 'September', 5000),
(66, 2024, 'October', 5000),
(66, 2024, 'November', 5000),
(66, 2024, 'December', 5000),
(66, 2025, 'January', 10000),
(66, 2025, 'February', 10000),
(66, 2025, 'March', 10000),
(66, 2025, 'April', 10000),
(66, 2025, 'May', 10000),
(66, 2025, 'June', 10000),
(66, 2025, 'July', 10000),
(66, 2025, 'August', 10000),
(66, 2025, 'September', 10000),
(67, 2023, 'October', 3000),
(67, 2023, 'November', 3000),
(67, 2023, 'December', 3000),
(67, 2024, 'January', 5000),
(67, 2024, 'February', 5000),
(67, 2024, 'March', 5000),
(67, 2024, 'April', 5000),
(67, 2024, 'May', 5000),
(67, 2024, 'June', 5000),
(67, 2024, 'July', 5000),
(67, 2024, 'August', 5000),
(67, 2024, 'September', 5000),
(67, 2024, 'October', 5000),
(67, 2024, 'November', 5000),
(67, 2024, 'December', 5000),
(67, 2025, 'January', 10000),
(67, 2025, 'February', 10000),
(67, 2025, 'March', 10000),
(67, 2025, 'April', 10000),
(67, 2025, 'May', 10000),
(67, 2025, 'June', 10000),
(67, 2025, 'July', 10000),
(67, 2025, 'August', 10000),
(67, 2025, 'September', 10000),
(68, 2023, 'October', 3000),
(68, 2023, 'November', 3000),
(68, 2023, 'December', 3000),
(68, 2024, 'January', 5000),
(68, 2024, 'February', 5000),
(68, 2024, 'March', 5000),
(68, 2024, 'April', 5000),
(68, 2024, 'May', 5000),
(68, 2024, 'June', 5000),
(68, 2024, 'July', 5000),
(68, 2024, 'August', 5000),
(68, 2024, 'September', 5000),
(68, 2024, 'October', 5000),
(68, 2024, 'November', 5000),
(68, 2024, 'December', 5000),
(68, 2025, 'January', 10000),
(68, 2025, 'February', 10000),
(68, 2025, 'March', 10000),
(68, 2025, 'April', 10000),
(68, 2025, 'May', 10000),
(68, 2025, 'June', 10000),
(68, 2025, 'July', 10000),
(68, 2025, 'August', 10000),
(68, 2025, 'September', 10000),
(69, 2023, 'October', 3000),
(69, 2023, 'November', 3000),
(69, 2023, 'December', 3000),
(69, 2024, 'January', 5000),
(69, 2024, 'February', 5000),
(69, 2024, 'March', 5000),
(69, 2024, 'April', 5000),
(69, 2024, 'May', 5000),
(69, 2024, 'June', 5000),
(69, 2024, 'July', 5000),
(69, 2024, 'August', 5000),
(69, 2024, 'September', 5000),
(69, 2024, 'October', 5000),
(69, 2024, 'November', 5000),
(69, 2024, 'December', 5000),
(69, 2025, 'January', 10000),
(69, 2025, 'February', 10000),
(69, 2025, 'March', 10000),
(69, 2025, 'April', 10000),
(69, 2025, 'May', 10000),
(69, 2025, 'June', 10000),
(69, 2025, 'July', 10000),
(69, 2025, 'August', 10000),
(69, 2025, 'September', 10000),
(70, 2023, 'October', 3000),
(70, 2023, 'November', 3000),
(70, 2023, 'December', 3000),
(70, 2024, 'January', 5000),
(70, 2024, 'February', 5000),
(70, 2024, 'March', 5000),
(70, 2024, 'April', 5000),
(70, 2024, 'May', 5000),
(70, 2024, 'June', 5000),
(70, 2024, 'July', 5000),
(70, 2024, 'August', 5000),
(70, 2024, 'September', 5000),
(70, 2024, 'October', 5000),
(70, 2024, 'November', 5000),
(70, 2024, 'December', 5000),
(70, 2025, 'January', 10000),
(70, 2025, 'February', 10000),
(70, 2025, 'March', 10000),
(70, 2025, 'April', 10000),
(70, 2025, 'May', 10000),
(70, 2025, 'June', 10000),
(70, 2025, 'July', 10000),
(70, 2025, 'August', 10000),
(70, 2025, 'September', 10000),
(71, 2023, 'October', 3000),
(71, 2023, 'November', 3000),
(71, 2023, 'December', 3000),
(71, 2024, 'January', 5000),
(71, 2024, 'February', 5000),
(71, 2024, 'March', 5000),
(71, 2024, 'April', 5000),
(71, 2024, 'May', 5000),
(71, 2024, 'June', 5000),
(71, 2024, 'July', 5000),
(71, 2024, 'August', 5000),
(71, 2024, 'September', 5000),
(71, 2024, 'October', 5000),
(71, 2024, 'November', 5000),
(71, 2024, 'December', 5000),
(71, 2025, 'January', 10000),
(71, 2025, 'February', 10000),
(71, 2025, 'March', 10000),
(71, 2025, 'April', 10000),
(71, 2025, 'May', 10000),
(71, 2025, 'June', 10000),
(71, 2025, 'July', 10000),
(71, 2025, 'August', 10000),
(71, 2025, 'September', 10000),
(72, 2023, 'October', 3000),
(72, 2023, 'November', 3000),
(72, 2023, 'December', 3000),
(72, 2024, 'January', 5000),
(72, 2024, 'February', 5000),
(72, 2024, 'March', 5000),
(72, 2024, 'April', 5000),
(72, 2024, 'May', 5000),
(72, 2024, 'June', 5000),
(72, 2024, 'July', 5000),
(72, 2024, 'August', 5000),
(72, 2024, 'September', 5000),
(72, 2024, 'October', 5000),
(72, 2024, 'November', 5000),
(72, 2024, 'December', 5000),
(72, 2025, 'January', 10000),
(72, 2025, 'February', 10000),
(72, 2025, 'March', 10000),
(72, 2025, 'April', 10000),
(72, 2025, 'May', 10000),
(72, 2025, 'June', 10000),
(72, 2025, 'July', 10000),
(72, 2025, 'August', 10000),
(72, 2025, 'September', 10000),
(73, 2023, 'October', 3000),
(73, 2023, 'November', 3000),
(73, 2023, 'December', 3000),
(73, 2024, 'January', 5000),
(73, 2024, 'February', 5000),
(73, 2024, 'March', 5000),
(73, 2024, 'April', 5000),
(73, 2024, 'May', 5000),
(73, 2024, 'June', 5000),
(73, 2024, 'July', 5000),
(73, 2024, 'August', 5000),
(73, 2024, 'September', 5000),
(73, 2024, 'October', 5000),
(73, 2024, 'November', 5000),
(73, 2024, 'December', 5000),
(73, 2025, 'January', 10000),
(73, 2025, 'February', 10000),
(73, 2025, 'March', 10000),
(73, 2025, 'April', 10000),
(73, 2025, 'May', 10000),
(73, 2025, 'June', 10000),
(73, 2025, 'July', 10000),
(73, 2025, 'August', 10000),
(73, 2025, 'September', 10000),
(74, 2023, 'October', 3000),
(74, 2023, 'November', 3000),
(74, 2023, 'December', 3000),
(74, 2024, 'January', 5000),
(74, 2024, 'February', 5000),
(74, 2024, 'March', 5000),
(74, 2024, 'April', 5000),
(74, 2024, 'May', 5000),
(74, 2024, 'June', 5000),
(74, 2024, 'July', 5000),
(74, 2024, 'August', 5000),
(74, 2024, 'September', 5000),
(74, 2024, 'October', 5000),
(74, 2024, 'November', 5000),
(74, 2024, 'December', 5000),
(74, 2025, 'January', 10000),
(74, 2025, 'February', 10000),
(74, 2025, 'March', 10000),
(74, 2025, 'April', 10000),
(74, 2025, 'May', 10000),
(74, 2025, 'June', 10000),
(74, 2025, 'July', 10000),
(74, 2025, 'August', 10000),
(74, 2025, 'September', 10000),
(75, 2023, 'October', 3000),
(75, 2023, 'November', 3000),
(75, 2023, 'December', 3000),
(75, 2024, 'January', 5000),
(75, 2024, 'February', 5000),
(75, 2024, 'March', 5000),
(75, 2024, 'April', 5000),
(75, 2024, 'May', 5000),
(75, 2024, 'June', 5000),
(75, 2024, 'July', 5000),
(75, 2024, 'August', 5000),
(75, 2024, 'September', 5000),
(75, 2024, 'October', 5000),
(75, 2024, 'November', 5000),
(75, 2024, 'December', 5000),
(75, 2025, 'January', 10000),
(75, 2025, 'February', 10000),
(75, 2025, 'March', 10000),
(75, 2025, 'April', 10000),
(75, 2025, 'May', 10000),
(75, 2025, 'June', 10000),
(75, 2025, 'July', 10000),
(75, 2025, 'August', 10000),
(75, 2025, 'September', 10000),
(76, 2023, 'October', 3000),
(76, 2023, 'November', 3000),
(76, 2023, 'December', 3000),
(76, 2024, 'January', 5000),
(76, 2024, 'February', 5000),
(76, 2024, 'March', 5000),
(76, 2024, 'April', 5000),
(76, 2024, 'May', 5000),
(76, 2024, 'June', 5000),
(76, 2024, 'July', 5000),
(76, 2024, 'August', 5000),
(76, 2024, 'September', 5000),
(76, 2024, 'October', 5000),
(76, 2024, 'November', 5000),
(76, 2024, 'December', 5000),
(76, 2025, 'January', 10000),
(76, 2025, 'February', 10000),
(76, 2025, 'March', 10000),
(76, 2025, 'April', 10000),
(76, 2025, 'May', 10000),
(76, 2025, 'June', 10000),
(76, 2025, 'July', 10000),
(76, 2025, 'August', 10000),
(76, 2025, 'September', 10000),
(77, 2023, 'October', 3000),
(77, 2023, 'November', 3000),
(77, 2023, 'December', 3000),
(77, 2024, 'January', 5000),
(77, 2024, 'February', 5000),
(77, 2024, 'March', 5000),
(77, 2024, 'April', 5000),
(77, 2024, 'May', 5000),
(77, 2024, 'June', 5000),
(77, 2024, 'July', 5000),
(77, 2024, 'August', 5000),
(77, 2024, 'September', 5000),
(77, 2024, 'October', 5000),
(77, 2024, 'November', 5000),
(77, 2024, 'December', 5000),
(77, 2025, 'January', 10000),
(77, 2025, 'February', 10000),
(77, 2025, 'March', 10000),
(77, 2025, 'April', 10000),
(77, 2025, 'May', 10000),
(77, 2025, 'June', 10000),
(77, 2025, 'July', 10000),
(77, 2025, 'August', 10000),
(77, 2025, 'September', 10000),
(78, 2023, 'October', 3000),
(78, 2023, 'November', 3000),
(78, 2023, 'December', 3000),
(78, 2024, 'January', 5000),
(78, 2024, 'February', 5000),
(78, 2024, 'March', 5000),
(78, 2024, 'April', 5000),
(78, 2024, 'May', 5000),
(78, 2024, 'June', 5000),
(78, 2024, 'July', 5000),
(78, 2024, 'August', 5000),
(78, 2024, 'September', 5000),
(78, 2024, 'October', 5000),
(78, 2024, 'November', 5000),
(78, 2024, 'December', 5000),
(78, 2025, 'January', 10000),
(78, 2025, 'February', 10000),
(78, 2025, 'March', 10000),
(78, 2025, 'April', 10000),
(78, 2025, 'May', 10000),
(78, 2025, 'June', 10000),
(78, 2025, 'July', 10000),
(78, 2025, 'August', 10000),
(78, 2025, 'September', 10000),
(79, 2023, 'October', 3000),
(79, 2023, 'November', 3000),
(79, 2023, 'December', 3000),
(79, 2024, 'January', 5000),
(79, 2024, 'February', 5000),
(79, 2024, 'March', 5000),
(79, 2024, 'April', 5000),
(79, 2024, 'May', 5000),
(79, 2024, 'June', 5000),
(79, 2024, 'July', 5000),
(79, 2024, 'August', 5000),
(79, 2024, 'September', 5000),
(79, 2024, 'October', 5000),
(79, 2024, 'November', 5000),
(79, 2024, 'December', 5000),
(79, 2025, 'January', 10000),
(79, 2025, 'February', 10000),
(79, 2025, 'March', 10000),
(79, 2025, 'April', 10000),
(79, 2025, 'May', 10000),
(79, 2025, 'June', 10000),
(79, 2025, 'July', 10000),
(79, 2025, 'August', 10000),
(79, 2025, 'September', 10000),
(80, 2023, 'October', 3000),
(80, 2023, 'November', 3000),
(80, 2023, 'December', 3000),
(80, 2024, 'January', 5000),
(80, 2024, 'February', 5000),
(80, 2024, 'March', 5000),
(80, 2024, 'April', 5000),
(80, 2024, 'May', 5000),
(80, 2024, 'June', 5000),
(80, 2024, 'July', 5000),
(80, 2024, 'August', 5000),
(80, 2024, 'September', 5000),
(80, 2024, 'October', 5000),
(80, 2024, 'November', 5000),
(80, 2024, 'December', 5000),
(80, 2025, 'January', 10000),
(80, 2025, 'February', 10000),
(80, 2025, 'March', 10000),
(80, 2025, 'April', 10000),
(80, 2025, 'May', 10000),
(80, 2025, 'June', 10000),
(80, 2025, 'July', 10000),
(80, 2025, 'August', 10000),
(80, 2025, 'September', 10000),
(81, 2023, 'October', 3000),
(81, 2023, 'November', 3000),
(81, 2023, 'December', 3000),
(81, 2024, 'January', 5000),
(81, 2024, 'February', 5000),
(81, 2024, 'March', 5000),
(81, 2024, 'April', 5000),
(81, 2024, 'May', 5000),
(81, 2024, 'June', 5000),
(81, 2024, 'July', 5000),
(81, 2024, 'August', 5000),
(81, 2024, 'September', 5000),
(81, 2024, 'October', 5000),
(81, 2024, 'November', 5000),
(81, 2024, 'December', 5000),
(81, 2025, 'January', 10000),
(81, 2025, 'February', 10000),
(81, 2025, 'March', 10000),
(81, 2025, 'April', 10000),
(81, 2025, 'May', 10000),
(81, 2025, 'June', 10000),
(81, 2025, 'July', 10000),
(81, 2025, 'August', 10000),
(81, 2025, 'September', 10000),
(82, 2023, 'October', 3000),
(82, 2023, 'November', 3000),
(82, 2023, 'December', 3000),
(82, 2024, 'January', 5000),
(82, 2024, 'February', 5000),
(82, 2024, 'March', 5000),
(82, 2024, 'April', 5000),
(82, 2024, 'May', 5000),
(82, 2024, 'June', 5000),
(82, 2024, 'July', 5000),
(82, 2024, 'August', 5000),
(82, 2024, 'September', 5000),
(82, 2024, 'October', 5000),
(82, 2024, 'November', 5000),
(82, 2024, 'December', 5000),
(82, 2025, 'January', 10000),
(82, 2025, 'February', 10000),
(82, 2025, 'March', 10000),
(82, 2025, 'April', 10000),
(82, 2025, 'May', 10000),
(82, 2025, 'June', 10000),
(82, 2025, 'July', 10000),
(82, 2025, 'August', 10000),
(82, 2025, 'September', 10000),
(83, 2023, 'October', 3000),
(83, 2023, 'November', 3000),
(83, 2023, 'December', 3000),
(83, 2024, 'January', 5000),
(83, 2024, 'February', 5000),
(83, 2024, 'March', 5000),
(83, 2024, 'April', 5000),
(83, 2024, 'May', 5000),
(83, 2024, 'June', 5000),
(83, 2024, 'July', 5000),
(83, 2024, 'August', 5000),
(83, 2024, 'September', 5000),
(83, 2024, 'October', 5000),
(83, 2024, 'November', 5000),
(83, 2024, 'December', 5000),
(83, 2025, 'January', 10000),
(83, 2025, 'February', 10000),
(83, 2025, 'March', 10000),
(83, 2025, 'April', 10000),
(83, 2025, 'May', 10000),
(83, 2025, 'June', 10000),
(83, 2025, 'July', 10000),
(83, 2025, 'August', 10000),
(83, 2025, 'September', 10000),
(84, 2023, 'October', 3000),
(84, 2023, 'November', 3000),
(84, 2023, 'December', 3000),
(84, 2024, 'January', 5000),
(84, 2024, 'February', 5000),
(84, 2024, 'March', 5000),
(84, 2024, 'April', 5000),
(84, 2024, 'May', 5000),
(84, 2024, 'June', 5000),
(84, 2024, 'July', 5000),
(84, 2024, 'August', 5000),
(84, 2024, 'September', 5000),
(84, 2024, 'October', 5000),
(84, 2024, 'November', 5000),
(84, 2024, 'December', 5000),
(84, 2025, 'January', 10000),
(84, 2025, 'February', 10000),
(84, 2025, 'March', 10000),
(84, 2025, 'April', 10000),
(84, 2025, 'May', 10000),
(84, 2025, 'June', 10000),
(84, 2025, 'July', 10000),
(84, 2025, 'August', 10000),
(84, 2025, 'September', 10000),
(85, 2023, 'October', 3000),
(85, 2023, 'November', 3000),
(85, 2023, 'December', 3000),
(85, 2024, 'January', 5000),
(85, 2024, 'February', 5000),
(85, 2024, 'March', 5000),
(85, 2024, 'April', 5000),
(85, 2024, 'May', 5000),
(85, 2024, 'June', 5000),
(85, 2024, 'July', 5000),
(85, 2024, 'August', 5000),
(85, 2024, 'September', 5000),
(85, 2024, 'October', 5000),
(85, 2024, 'November', 5000),
(85, 2024, 'December', 5000),
(85, 2025, 'January', 10000),
(85, 2025, 'February', 10000),
(85, 2025, 'March', 10000),
(85, 2025, 'April', 10000),
(85, 2025, 'May', 10000),
(85, 2025, 'June', 10000),
(85, 2025, 'July', 10000),
(85, 2025, 'August', 10000),
(85, 2025, 'September', 10000),
(86, 2023, 'October', 3000),
(86, 2023, 'November', 3000),
(86, 2023, 'December', 3000),
(86, 2024, 'January', 5000),
(86, 2024, 'February', 5000),
(86, 2024, 'March', 5000),
(86, 2024, 'April', 5000),
(86, 2024, 'May', 5000),
(86, 2024, 'June', 5000),
(86, 2024, 'July', 5000),
(86, 2024, 'August', 5000),
(86, 2024, 'September', 5000),
(86, 2024, 'October', 5000),
(86, 2024, 'November', 5000),
(86, 2024, 'December', 5000),
(86, 2025, 'January', 10000),
(86, 2025, 'February', 10000),
(86, 2025, 'March', 10000),
(86, 2025, 'April', 10000),
(86, 2025, 'May', 10000),
(86, 2025, 'June', 10000),
(86, 2025, 'July', 10000),
(86, 2025, 'August', 10000),
(86, 2025, 'September', 10000),
(87, 2023, 'October', 3000),
(87, 2023, 'November', 3000),
(87, 2023, 'December', 3000),
(87, 2024, 'January', 5000),
(87, 2024, 'February', 5000),
(87, 2024, 'March', 5000),
(87, 2024, 'April', 5000),
(87, 2024, 'May', 5000),
(87, 2024, 'June', 5000),
(87, 2024, 'July', 5000),
(87, 2024, 'August', 5000),
(87, 2024, 'September', 5000),
(87, 2024, 'October', 5000),
(87, 2024, 'November', 5000),
(87, 2024, 'December', 5000),
(87, 2025, 'January', 10000),
(87, 2025, 'February', 10000),
(87, 2025, 'March', 10000),
(87, 2025, 'April', 10000),
(87, 2025, 'May', 10000),
(87, 2025, 'June', 10000),
(87, 2025, 'July', 10000),
(87, 2025, 'August', 10000),
(87, 2025, 'September', 10000),
(88, 2023, 'October', 3000),
(88, 2023, 'November', 3000),
(88, 2023, 'December', 3000),
(88, 2024, 'January', 5000),
(88, 2024, 'February', 5000),
(88, 2024, 'March', 5000),
(88, 2024, 'April', 5000),
(88, 2024, 'May', 5000),
(88, 2024, 'June', 5000),
(88, 2024, 'July', 5000),
(88, 2024, 'August', 5000),
(88, 2024, 'September', 5000),
(88, 2024, 'October', 5000),
(88, 2024, 'November', 5000),
(88, 2024, 'December', 5000),
(88, 2025, 'January', 10000),
(88, 2025, 'February', 10000),
(88, 2025, 'March', 10000),
(88, 2025, 'April', 10000),
(88, 2025, 'May', 10000),
(88, 2025, 'June', 10000),
(88, 2025, 'July', 10000),
(88, 2025, 'August', 10000),
(88, 2025, 'September', 10000),
(89, 2023, 'October', 3000),
(89, 2023, 'November', 3000),
(89, 2023, 'December', 3000),
(89, 2024, 'January', 5000),
(89, 2024, 'February', 5000),
(89, 2024, 'March', 5000),
(89, 2024, 'April', 5000),
(89, 2024, 'May', 5000),
(89, 2024, 'June', 5000),
(89, 2024, 'July', 5000),
(89, 2024, 'August', 5000),
(89, 2024, 'September', 5000),
(89, 2024, 'October', 5000),
(89, 2024, 'November', 5000),
(89, 2024, 'December', 5000),
(89, 2025, 'January', 10000),
(89, 2025, 'February', 10000),
(89, 2025, 'March', 10000),
(89, 2025, 'April', 10000),
(89, 2025, 'May', 10000),
(89, 2025, 'June', 10000),
(89, 2025, 'July', 10000),
(89, 2025, 'August', 10000),
(89, 2025, 'September', 10000),
(90, 2023, 'October', 3000),
(90, 2023, 'November', 3000),
(90, 2023, 'December', 3000),
(90, 2024, 'January', 5000),
(90, 2024, 'February', 5000),
(90, 2024, 'March', 5000),
(90, 2024, 'April', 5000),
(90, 2024, 'May', 5000),
(90, 2024, 'June', 5000),
(90, 2024, 'July', 5000),
(90, 2024, 'August', 5000),
(90, 2024, 'September', 5000),
(90, 2024, 'October', 5000),
(90, 2024, 'November', 5000),
(90, 2024, 'December', 5000),
(90, 2025, 'January', 10000),
(90, 2025, 'February', 10000),
(90, 2025, 'March', 10000),
(90, 2025, 'April', 10000),
(90, 2025, 'May', 10000),
(90, 2025, 'June', 10000),
(90, 2025, 'July', 10000),
(90, 2025, 'August', 10000),
(90, 2025, 'September', 10000),
(91, 2023, 'October', 3000),
(91, 2023, 'November', 3000),
(91, 2023, 'December', 3000),
(91, 2024, 'January', 5000),
(91, 2024, 'February', 5000),
(91, 2024, 'March', 5000),
(91, 2024, 'April', 5000),
(91, 2024, 'May', 5000),
(91, 2024, 'June', 5000),
(91, 2024, 'July', 5000),
(91, 2024, 'August', 5000),
(91, 2024, 'September', 5000),
(91, 2024, 'October', 5000),
(91, 2024, 'November', 5000),
(91, 2024, 'December', 5000),
(91, 2025, 'January', 10000),
(91, 2025, 'February', 10000),
(91, 2025, 'March', 10000),
(91, 2025, 'April', 10000),
(91, 2025, 'May', 10000),
(91, 2025, 'June', 10000),
(91, 2025, 'July', 10000),
(91, 2025, 'August', 10000),
(91, 2025, 'September', 10000),
(92, 2023, 'October', 3000),
(92, 2023, 'November', 3000),
(92, 2023, 'December', 3000),
(92, 2024, 'January', 5000),
(92, 2024, 'February', 5000),
(92, 2024, 'March', 5000),
(92, 2024, 'April', 5000),
(92, 2024, 'May', 5000),
(92, 2024, 'June', 5000),
(92, 2024, 'July', 5000),
(92, 2024, 'August', 5000),
(92, 2024, 'September', 5000),
(92, 2024, 'October', 5000),
(92, 2024, 'November', 5000),
(92, 2024, 'December', 5000),
(92, 2025, 'January', 10000),
(92, 2025, 'February', 10000),
(92, 2025, 'March', 10000),
(92, 2025, 'April', 10000),
(92, 2025, 'May', 10000),
(92, 2025, 'June', 10000),
(92, 2025, 'July', 10000),
(92, 2025, 'August', 10000),
(92, 2025, 'September', 10000),
(93, 2023, 'October', 3000),
(93, 2023, 'November', 3000),
(93, 2023, 'December', 3000),
(93, 2024, 'January', 5000),
(93, 2024, 'February', 5000),
(93, 2024, 'March', 5000),
(93, 2024, 'April', 5000),
(93, 2024, 'May', 5000),
(93, 2024, 'June', 5000),
(93, 2024, 'July', 5000),
(93, 2024, 'August', 5000),
(93, 2024, 'September', 5000),
(93, 2024, 'October', 5000),
(93, 2024, 'November', 5000),
(93, 2024, 'December', 5000),
(93, 2025, 'January', 10000),
(93, 2025, 'February', 10000),
(93, 2025, 'March', 10000),
(93, 2025, 'April', 10000),
(93, 2025, 'May', 10000),
(93, 2025, 'June', 10000),
(93, 2025, 'July', 10000),
(93, 2025, 'August', 10000),
(93, 2025, 'September', 10000),
(94, 2023, 'October', 3000),
(94, 2023, 'November', 3000),
(94, 2023, 'December', 3000),
(94, 2024, 'January', 5000),
(94, 2024, 'February', 5000),
(94, 2024, 'March', 5000),
(94, 2024, 'April', 5000),
(94, 2024, 'May', 5000),
(94, 2024, 'June', 5000),
(94, 2024, 'July', 5000),
(94, 2024, 'August', 5000),
(94, 2024, 'September', 5000),
(94, 2024, 'October', 5000),
(94, 2024, 'November', 5000),
(94, 2024, 'December', 5000),
(94, 2025, 'January', 10000),
(94, 2025, 'February', 10000),
(94, 2025, 'March', 10000),
(94, 2025, 'April', 10000),
(94, 2025, 'May', 10000),
(94, 2025, 'June', 10000),
(94, 2025, 'July', 10000),
(94, 2025, 'August', 10000),
(94, 2025, 'September', 10000),
(95, 2023, 'October', 3000),
(95, 2023, 'November', 3000),
(95, 2023, 'December', 3000),
(95, 2024, 'January', 5000),
(95, 2024, 'February', 5000),
(95, 2024, 'March', 5000),
(95, 2024, 'April', 5000),
(95, 2024, 'May', 5000),
(95, 2024, 'June', 5000),
(95, 2024, 'July', 5000),
(95, 2024, 'August', 5000),
(95, 2024, 'September', 5000),
(95, 2024, 'October', 5000),
(95, 2024, 'November', 5000),
(95, 2024, 'December', 5000),
(95, 2025, 'January', 10000),
(95, 2025, 'February', 10000),
(95, 2025, 'March', 10000),
(95, 2025, 'April', 10000),
(95, 2025, 'May', 10000),
(95, 2025, 'June', 10000),
(95, 2025, 'July', 10000),
(95, 2025, 'August', 10000),
(95, 2025, 'September', 10000),
(96, 2023, 'October', 3000),
(96, 2023, 'November', 3000),
(96, 2023, 'December', 3000),
(96, 2024, 'January', 5000),
(96, 2024, 'February', 5000),
(96, 2024, 'March', 5000),
(96, 2024, 'April', 5000),
(96, 2024, 'May', 5000),
(96, 2024, 'June', 5000),
(96, 2024, 'July', 5000),
(96, 2024, 'August', 5000),
(96, 2024, 'September', 5000),
(96, 2024, 'October', 5000),
(96, 2024, 'November', 5000),
(96, 2024, 'December', 5000),
(96, 2025, 'January', 10000),
(96, 2025, 'February', 10000),
(96, 2025, 'March', 10000),
(96, 2025, 'April', 10000),
(96, 2025, 'May', 10000),
(96, 2025, 'June', 10000),
(96, 2025, 'July', 10000),
(96, 2025, 'August', 10000),
(96, 2025, 'September', 10000),
(97, 2023, 'October', 3000),
(97, 2023, 'November', 3000),
(97, 2023, 'December', 3000),
(97, 2024, 'January', 5000),
(97, 2024, 'February', 5000),
(97, 2024, 'March', 5000),
(97, 2024, 'April', 5000),
(97, 2024, 'May', 5000),
(97, 2024, 'June', 5000),
(97, 2024, 'July', 5000),
(97, 2024, 'August', 5000),
(97, 2024, 'September', 5000),
(97, 2024, 'October', 5000),
(97, 2024, 'November', 5000),
(97, 2024, 'December', 5000),
(97, 2025, 'January', 10000),
(97, 2025, 'February', 10000),
(97, 2025, 'March', 10000),
(97, 2025, 'April', 10000),
(97, 2025, 'May', 10000),
(97, 2025, 'June', 10000),
(97, 2025, 'July', 10000),
(97, 2025, 'August', 10000),
(97, 2025, 'September', 10000),
(98, 2023, 'October', 3000),
(98, 2023, 'November', 3000),
(98, 2023, 'December', 3000),
(98, 2024, 'January', 5000),
(98, 2024, 'February', 5000),
(98, 2024, 'March', 5000),
(98, 2024, 'April', 5000),
(98, 2024, 'May', 5000),
(98, 2024, 'June', 5000),
(98, 2024, 'July', 5000),
(98, 2024, 'August', 5000),
(98, 2024, 'September', 5000),
(98, 2024, 'October', 5000),
(98, 2024, 'November', 5000),
(98, 2024, 'December', 5000),
(98, 2025, 'January', 10000),
(98, 2025, 'February', 10000),
(98, 2025, 'March', 10000),
(98, 2025, 'April', 10000),
(98, 2025, 'May', 10000),
(98, 2025, 'June', 10000),
(98, 2025, 'July', 10000),
(98, 2025, 'August', 10000),
(98, 2025, 'September', 10000),
(99, 2023, 'October', 3000),
(99, 2023, 'November', 3000),
(99, 2023, 'December', 3000),
(99, 2024, 'January', 5000),
(99, 2024, 'February', 5000),
(99, 2024, 'March', 5000),
(99, 2024, 'April', 5000),
(99, 2024, 'May', 5000),
(99, 2024, 'June', 5000),
(99, 2024, 'July', 5000),
(99, 2024, 'August', 5000),
(99, 2024, 'September', 5000),
(99, 2024, 'October', 5000),
(99, 2024, 'November', 5000),
(99, 2024, 'December', 5000),
(99, 2025, 'January', 10000),
(99, 2025, 'February', 10000),
(99, 2025, 'March', 10000),
(99, 2025, 'April', 10000),
(99, 2025, 'May', 10000),
(99, 2025, 'June', 10000),
(99, 2025, 'July', 10000),
(99, 2025, 'August', 10000),
(99, 2025, 'September', 10000),
(100, 2023, 'October', 3000),
(100, 2023, 'November', 3000),
(100, 2023, 'December', 3000),
(100, 2024, 'January', 5000),
(100, 2024, 'February', 5000),
(100, 2024, 'March', 5000),
(100, 2024, 'April', 5000),
(100, 2024, 'May', 5000),
(100, 2024, 'June', 5000),
(100, 2024, 'July', 5000),
(100, 2024, 'August', 5000),
(100, 2024, 'September', 5000),
(100, 2024, 'October', 5000),
(100, 2024, 'November', 5000),
(100, 2024, 'December', 5000),
(100, 2025, 'January', 10000),
(100, 2025, 'February', 10000),
(100, 2025, 'March', 10000),
(100, 2025, 'April', 10000),
(100, 2025, 'May', 10000),
(100, 2025, 'June', 10000),
(100, 2025, 'July', 10000),
(100, 2025, 'August', 10000),
(100, 2025, 'September', 10000);



